subject,body,label
Crypto Signal: Buy Ethereum before 1000% breakout!,Our insider trading group just flagged Ethereum for an imminent pump! Join the VIP Telegram group and copy our whale trades: http://crypto-signals-916.top/vip,spam
Department announcement: Diversity & Inclusion Workshop schedule,"Dear team members, The annual Diversity & Inclusion Workshop will take place on Thursday next week. The company will provide breakfast and lunch. Please RSVP by Wednesday so catering numbers can be finalized. Thanks, HR.",ham
Unpaid Invoice #65994 Past Due Notification,"Please find attached overdue invoice #64568 in the amount of $2,450.00. Payment is 14 days past due. Open the attached file or download remittance instructions from: http://invoice-remittance-758.info/doc",spam
Claim your free $1000 Starbucks voucher today!,"You are customer number 1,000 to visit our promotion page today! You qualify for a free $500 Starbucks gift certificate. Claim now before vouchers run out: http://promo-starbucks-rewards.click",spam
"CONGRATULATIONS: You have won $4,000,000 in Australian Cash Draw!","You have been selected as the grand winner of $1,000,000 in the Australian Cash Draw! To claim your prize, send your full name, home address, and bank wire routing number to claim-dept@159-winner.org within 48 hours.",spam
EXCLUSIVE OFFER: 70% discount on Designer Sunglasses,Don't miss this limited-time flash sale! Get up to 85% off genuine Designer Sunglasses with free international shipping. Click here to claim your coupon code before midnight: http://discount-designer-sale.net,spam
Upcoming doctor appointment on Wednesday at 2:45 PM,"Hello, this is a reminder of your medical checkup appointment on Wednesday at 3:30 PM with Dr. Chen. Please remember to bring your insurance card and a photo ID. If you need to reschedule, please call our clinic.",ham
Department announcement: Diversity & Inclusion Workshop schedule,"Dear team members, The annual Engineering Offsite will take place on Monday next week. The company will provide breakfast and lunch. Please RSVP by Wednesday so catering numbers can be finalized. Thanks, HR.",ham
EXCLUSIVE OFFER: 90% discount on Wireless Noise-Canceling Earbuds,Don't miss this limited-time flash sale! Get up to 75% off genuine Wireless Noise-Canceling Earbuds with free international shipping. Click here to claim your coupon code before midnight: http://discount-wireless-sale.net,spam
Unpaid Invoice #47093 Past Due Notification,"Please find attached overdue invoice #80010 in the amount of $2,450.00. Payment is 14 days past due. Open the attached file or download remittance instructions from: http://invoice-remittance-469.info/doc",spam
Code Review: Pull Request for UI Design System component,"Hello Carlos, I reviewed your pull request regarding Performance Benchmarking. The implementation looks clean and modular. I left two minor suggestions on line 45 regarding error boundary handling. Otherwise ready to merge!",ham
Payment Declined: Venmo Subscription Suspended,"We were unable to charge your card on file for Venmo. To avoid interruption of your service and loss of saved files, click here to update your payment details: http://billing-venmo.info/update?id=tok_156837",spam
Upcoming doctor appointment on Tuesday at 11:15 PM,"Hello, this is a reminder of your medical checkup appointment on Wednesday at 10:30 AM with Dr. Kowalski. Please remember to bring your insurance card and a photo ID. If you need to reschedule, please call our clinic.",ham
Investment Alert: Double your Bitcoin in 24 Hours!,Send any amount of BTC to our verified smart contract wallet and our high-frequency arbitrage algorithms will send back 200% within 24 hours. Over $10M paid out! Join the pool now: http://btc-doubler-matrix.org,spam
Receipt for order #44948 from Barnes & Noble,Thank you for your recent purchase at Barnes & Noble! Your order #25238 has been confirmed and is being packed. Standard delivery estimated within 3-5 business days. You can track your package inside your account portal.,ham
Payment Declined: Dropbox Subscription Suspended,"We were unable to charge your card on file for Dropbox. To avoid interruption of your service and loss of saved files, click here to update your payment details: http://billing-dropbox.info/update?id=tok_896922",spam
Receipt for order #94883 from Office Depot,Thank you for your recent purchase at Home Depot! Your order #22384 has been confirmed and is being packed. Standard delivery estimated within 3-5 business days. You can track your package inside your account portal.,ham
Claim your free $1000 Amazon voucher today!,"You are customer number 1,000 to visit our promotion page today! You qualify for a free $500 Amazon gift certificate. Claim now before vouchers run out: http://promo-amazon-rewards.click",spam
Update regarding your subscription to The New York Times,"Hello, This is a courtesy reminder that your subscription to The New York Times will automatically renew on the 15th of this month. Your payment method ending in 9570 will be charged the standard monthly fee of $9.99. No action required.",ham
Lunch plans: Checking out the new Artisan Salad spot today?,Hey team! A few of us are heading over to the new Artisan Salad restaurant across the street for lunch around 11:30 AM. Would love for you to join us if you're not in meetings!,ham
Urgent Notification: Final Notice to Claim Your Sweepstakes Prize,"This is your final warning. Your check of $750,000 is waiting at our processing center. If you do not claim it today, it will be forfeited to the runner up. Enter your address and wire transfer details at http://sweepstakes-winners-portal.com",spam
Team Sync: Search Optimization updates and milestones,"Hi everyone, During today's meeting we will review Search Optimization progress for sprint 29. Please ensure your branch has been merged into staging and unit tests are passing. We will meet in room 101 at 5:15 PM.",ham
"CONGRATULATIONS: You have won $4,000,000 in FIFA World Cup Raffle!","You have been selected as the grand winner of $9,000,000 in the FIFA World Cup Raffle! To claim your prize, send your full name, home address, and bank wire routing number to claim-dept@999-winner.org within 48 hours.",spam
Instant Approval: Claim your $30000 pre-approved cash loan,Congratulations! You are pre-approved for up to $45000 personal loan with 0% interest for the first 6 months. No credit checks needed. Money wired in 10 minutes: http://fast-cash-726.biz/apply,spam
EXCLUSIVE OFFER: 85% discount on Designer Sunglasses,Don't miss this limited-time flash sale! Get up to 70% off genuine Designer Sunglasses with free international shipping. Click here to claim your coupon code before midnight: http://discount-designer-sale.net,spam
Payment Declined: Netflix Subscription Suspended,"We were unable to charge your card on file for Netflix. To avoid interruption of your service and loss of saved files, click here to update your payment details: http://billing-netflix.info/update?id=tok_675458",spam
Unpaid Invoice #79228 Past Due Notification,"Please find attached overdue invoice #36497 in the amount of $2,450.00. Payment is 14 days past due. Open the attached file or download remittance instructions from: http://invoice-remittance-214.info/doc",spam
Department announcement: Engineering Offsite schedule,"Dear team members, The annual Quarterly All-Hands Meeting will take place on Friday next week. The company will provide breakfast and lunch. Please RSVP by Wednesday so catering numbers can be finalized. Thanks, HR.",ham
"CONGRATULATIONS: You have won $10,000,000 in FIFA World Cup Raffle!","You have been selected as the grand winner of $9,000,000 in the FIFA World Cup Raffle! To claim your prize, send your full name, home address, and bank wire routing number to claim-dept@101-winner.org within 48 hours.",spam
Meeting Notes: Architecture Review and API Design Discussion,"Hello everyone, Thank you for attending today's architecture discussion. Key takeaways: 1. We will use PostgreSQL connection pooling to handle concurrent requests. 2. Frontend will interact through REST endpoints. 3. Code review deadline is Friday 5 PM. Let me know if anyone has questions.",ham
Photos from last weekend's family gathering,"Hi Mom, I just finished sorting through the photos we took during Grandma's 80th birthday party last weekend. Everyone looked so happy! I put them in our shared Google Drive folder so everyone can download high-resolution copies.",ham
URGENT: Amazon Account Alert,"Dear customer, We noticed suspicious login activity on your Amazon account from São Paulo, Brazil. Verify your identity immediately: http://verify-amazon-auth.com/tok_728492 or your account will be permanently blocked within 12 hours.",spam
Google Alert: Critical Security Vulnerability on your Gmail,"Someone knows your password! We blocked a suspicious sign-in from Moscow, Russia. Please review your account activity and enter your recovery code at http://google-security-notice.xyz/checkpoint to ensure your messages remain safe.",spam
Notes from client consultation on Inventory Automation,"Hi team, Attached are the action items from our call with Apex Logistics regarding the Cloud Infrastructure Overhaul. They loved the new user dashboard and requested minor tweaks to the reporting export. Let's aim to have these completed by Friday.",ham
Earn $43/hr working remotely from home - No experience,Global digital company is hiring remote assistants! Earn $46 per hour evaluating product listings and typing captions. Payouts made daily to PayPal or CashApp. Apply immediately: http://remote-jobs-907.site/join,spam
Earn $70/hr working remotely from home - No experience,Global digital company is hiring remote assistants! Earn $53 per hour evaluating product listings and typing captions. Payouts made daily to PayPal or CashApp. Apply immediately: http://remote-jobs-518.site/join,spam
"CONGRATULATIONS: You have won $9,000,000 in UK National Lottery!","You have been selected as the grand winner of $4,000,000 in the UK National Lottery! To claim your prize, send your full name, home address, and bank wire routing number to claim-dept@120-winner.org within 48 hours.",spam
Update regarding your subscription to Gym Membership,"Hello, This is a courtesy reminder that your subscription to GitHub Pro will automatically renew on the 15th of this month. Your payment method ending in 7813 will be charged the standard monthly fee of $9.99. No action required.",ham
Claim your free $500 Home Depot voucher today!,"You are customer number 1,000 to visit our promotion page today! You qualify for a free $1000 Home Depot gift certificate. Claim now before vouchers run out: http://promo-homedepot-rewards.click",spam
Department announcement: Diversity & Inclusion Workshop schedule,"Dear team members, The annual Hackathon will take place on Friday next week. The company will provide breakfast and lunch. Please RSVP by Wednesday so catering numbers can be finalized. Thanks, HR.",ham
Notes from client consultation on Mobile App V2,"Hi team, Attached are the action items from our call with Apex Logistics regarding the Inventory Automation. They loved the new user dashboard and requested minor tweaks to the reporting export. Let's aim to have these completed by Tuesday.",ham
EXCLUSIVE OFFER: 80% discount on Designer Sunglasses,Don't miss this limited-time flash sale! Get up to 70% off genuine Designer Sunglasses with free international shipping. Click here to claim your coupon code before midnight: http://discount-designer-sale.net,spam
Upcoming doctor appointment on Tuesday at 5:30 AM,"Hello, this is a reminder of your medical checkup appointment on Tuesday at 3:00 PM with Dr. Watson. Please remember to bring your insurance card and a photo ID. If you need to reschedule, please call our clinic.",ham
Security Warning: Your Apple password has been breached,A data breach detected your credentials exposed. Reset your password immediately through our secure portal: http://security-apple-reset.com/auth. Failure to update may compromise your personal data.,spam
Payment Declined: Venmo Subscription Suspended,"We were unable to charge your card on file for Venmo. To avoid interruption of your service and loss of saved files, click here to update your payment details: http://billing-venmo.info/update?id=tok_595036",spam
Notes from client consultation on Mobile App V2,"Hi team, Attached are the action items from our call with Vanguard Financial regarding the Cloud Infrastructure Overhaul. They loved the new user dashboard and requested minor tweaks to the reporting export. Let's aim to have these completed by Monday.",ham
URGENT: Your PayPal Account Has Been Suspended,"Dear customer, We detected unauthorized login attempts from an unknown IP address. Your account is temporarily locked. Please verify your credentials and update your credit card immediately at http://192.168.1.55/paypal-verify to restore full access. Failure to do so within 24 hours will result in permanent account termination.",spam
Claim your free $500 Starbucks voucher today!,"You are customer number 1,000 to visit our promotion page today! You qualify for a free $1000 Starbucks gift certificate. Claim now before vouchers run out: http://promo-starbucks-rewards.click",spam
You Won! Free iPhone 16 Pro Max Giveaway Winner Selected,"Dear lucky winner! You have been selected in our monthly electronic giveaway raffle. To confirm shipping of your brand new iPhone 16 Pro Max, pay $1.00 for customs processing here: http://win-new-iphone-pro.biz/claim",spam
Crypto Signal: Buy Dogecoin before 1000% breakout!,Our insider trading group just flagged Dogecoin for an imminent pump! Join the VIP Telegram group and copy our whale trades: http://crypto-signals-215.top/vip,spam
Team Sync: Security Hardening updates and milestones,"Hi everyone, During today's meeting we will review Security Hardening progress for sprint 16. Please ensure your branch has been merged into staging and unit tests are passing. We will meet in room 103 at 2:15 AM.",ham
URGENT: Chase Bank Account Alert,"Dear customer, We noticed suspicious login activity on your Chase Bank account from São Paulo, Brazil. Verify your identity immediately: http://verify-chasebank-auth.com/tok_590755 or your account will be permanently blocked within 48 hours.",spam
Security Warning: Your Bank of America password has been breached,A data breach detected your credentials exposed. Reset your password immediately through our secure portal: http://security-bankofamerica-reset.com/auth. Failure to update may compromise your personal data.,spam
"Cheapest Pharmacy Online: Viagra, Cialis, Xanax without Prescription","Best online drugstore with discreet worldwide shipping! Save up to 85% on all generic medications. No doctor visit required, completely anonymous packaging. Order your pills online today: http://global-meds-discount.org",spam
Team Sync: Database Migration updates and milestones,"Hi everyone, During today's meeting we will review Payment Gateway Integration progress for sprint 23. Please ensure your branch has been merged into staging and unit tests are passing. We will meet in room 406 at 9:30 PM.",ham
Unpaid Invoice #44795 Past Due Notification,"Please find attached overdue invoice #77033 in the amount of $2,450.00. Payment is 14 days past due. Open the attached file or download remittance instructions from: http://invoice-remittance-453.info/doc",spam
"CONGRATULATIONS: You have won $7,000,000 in Australian Cash Draw!","You have been selected as the grand winner of $2,000,000 in the Australian Cash Draw! To claim your prize, send your full name, home address, and bank wire routing number to claim-dept@237-winner.org within 48 hours.",spam
Update regarding your subscription to Gym Membership,"Hello, This is a courtesy reminder that your subscription to The New York Times will automatically renew on the 15th of this month. Your payment method ending in 2616 will be charged the standard monthly fee of $9.99. No action required.",ham
Earn $68/hr working remotely from home - No experience,Global digital company is hiring remote assistants! Earn $81 per hour evaluating product listings and typing captions. Payouts made daily to PayPal or CashApp. Apply immediately: http://remote-jobs-270.site/join,spam
Code Review: Pull Request for UI Design System component,"Hello Michael, I reviewed your pull request regarding Security Hardening. The implementation looks clean and modular. I left two minor suggestions on line 45 regarding error boundary handling. Otherwise ready to merge!",ham
Lunch plans: Checking out the new Artisan Salad spot today?,Hey team! A few of us are heading over to the new Japanese Ramen restaurant across the street for lunch around 5:15 AM. Would love for you to join us if you're not in meetings!,ham
Department announcement: Hackathon schedule,"Dear team members, The annual Engineering Offsite will take place on Tuesday next week. The company will provide breakfast and lunch. Please RSVP by Wednesday so catering numbers can be finalized. Thanks, HR.",ham
Department announcement: Quarterly All-Hands Meeting schedule,"Dear team members, The annual Quarterly All-Hands Meeting will take place on Thursday next week. The company will provide breakfast and lunch. Please RSVP by Wednesday so catering numbers can be finalized. Thanks, HR.",ham
Team Sync: Database Migration updates and milestones,"Hi everyone, During today's meeting we will review Database Migration progress for sprint 22. Please ensure your branch has been merged into staging and unit tests are passing. We will meet in room 403 at 11:30 AM.",ham
EXCLUSIVE OFFER: 70% discount on Luxury Swiss Watches,Don't miss this limited-time flash sale! Get up to 75% off genuine Luxury Swiss Watches with free international shipping. Click here to claim your coupon code before midnight: http://discount-luxury-sale.net,spam
Earn $83/hr working remotely from home - No experience,Global digital company is hiring remote assistants! Earn $53 per hour evaluating product listings and typing captions. Payouts made daily to PayPal or CashApp. Apply immediately: http://remote-jobs-761.site/join,spam
Lunch plans: Checking out the new Artisan Salad spot today?,Hey team! A few of us are heading over to the new Japanese Ramen restaurant across the street for lunch around 3:45 PM. Would love for you to join us if you're not in meetings!,ham
Receipt for order #62509 from Barnes & Noble,Thank you for your recent purchase at Office Depot! Your order #34833 has been confirmed and is being packed. Standard delivery estimated within 3-5 business days. You can track your package inside your account portal.,ham
Update regarding your subscription to GitHub Pro,"Hello, This is a courtesy reminder that your subscription to GitHub Pro will automatically renew on the 15th of this month. Your payment method ending in 4707 will be charged the standard monthly fee of $9.99. No action required.",ham
Crypto Signal: Buy PepeCoin before 1000% breakout!,Our insider trading group just flagged PepeCoin for an imminent pump! Join the VIP Telegram group and copy our whale trades: http://crypto-signals-712.top/vip,spam
Code Review: Pull Request for Payment Gateway Integration component,"Hello Priya, I reviewed your pull request regarding Security Hardening. The implementation looks clean and modular. I left two minor suggestions on line 45 regarding error boundary handling. Otherwise ready to merge!",ham
Code Review: Pull Request for UI Design System component,"Hello David, I reviewed your pull request regarding Performance Benchmarking. The implementation looks clean and modular. I left two minor suggestions on line 45 regarding error boundary handling. Otherwise ready to merge!",ham
Code Review: Pull Request for Payment Gateway Integration component,"Hello Emma, I reviewed your pull request regarding Payment Gateway Integration. The implementation looks clean and modular. I left two minor suggestions on line 45 regarding error boundary handling. Otherwise ready to merge!",ham
Team Sync: UI Design System updates and milestones,"Hi everyone, During today's meeting we will review Security Hardening progress for sprint 26. Please ensure your branch has been merged into staging and unit tests are passing. We will meet in room 401 at 2:30 AM.",ham
Code Review: Pull Request for Performance Benchmarking component,"Hello Sarah, I reviewed your pull request regarding UI Design System. The implementation looks clean and modular. I left two minor suggestions on line 45 regarding error boundary handling. Otherwise ready to merge!",ham
Lunch plans: Checking out the new Japanese Ramen spot today?,Hey team! A few of us are heading over to the new Artisan Salad restaurant across the street for lunch around 2:15 AM. Would love for you to join us if you're not in meetings!,ham
Receipt for order #78852 from Patagonia,Thank you for your recent purchase at Home Depot! Your order #83306 has been confirmed and is being packed. Standard delivery estimated within 3-5 business days. You can track your package inside your account portal.,ham
Department announcement: Quarterly All-Hands Meeting schedule,"Dear team members, The annual Engineering Offsite will take place on Wednesday next week. The company will provide breakfast and lunch. Please RSVP by Wednesday so catering numbers can be finalized. Thanks, HR.",ham
Client Proposal Draft: Feedback requested on technical specifications,"Hi Rachel, I drafted the proposal document for the Acme Corp cloud migration project. Could you review Section 4 regarding database failover strategies and SLA guarantees before we present it to the client tomorrow? Thank you, James.",ham
Unpaid Invoice #88470 Past Due Notification,"Please find attached overdue invoice #80989 in the amount of $2,450.00. Payment is 14 days past due. Open the attached file or download remittance instructions from: http://invoice-remittance-258.info/doc",spam
Claim your free $250 Best Buy voucher today!,"You are customer number 1,000 to visit our promotion page today! You qualify for a free $500 Best Buy gift certificate. Claim now before vouchers run out: http://promo-bestbuy-rewards.click",spam
EXCLUSIVE OFFER: 90% discount on Herbal Supplements,Don't miss this limited-time flash sale! Get up to 75% off genuine Herbal Supplements with free international shipping. Click here to claim your coupon code before midnight: http://discount-herbal-sale.net,spam
Receipt for order #46204 from Office Depot,Thank you for your recent purchase at Barnes & Noble! Your order #30142 has been confirmed and is being packed. Standard delivery estimated within 3-5 business days. You can track your package inside your account portal.,ham
Earn $42/hr working remotely from home - No experience,Global digital company is hiring remote assistants! Earn $75 per hour evaluating product listings and typing captions. Payouts made daily to PayPal or CashApp. Apply immediately: http://remote-jobs-818.site/join,spam
Claim your free $500 Amazon voucher today!,"You are customer number 1,000 to visit our promotion page today! You qualify for a free $1000 Amazon gift certificate. Claim now before vouchers run out: http://promo-amazon-rewards.click",spam
"CONGRATULATIONS: You have won $6,000,000 in Australian Cash Draw!","You have been selected as the grand winner of $2,000,000 in the Australian Cash Draw! To claim your prize, send your full name, home address, and bank wire routing number to claim-dept@937-winner.org within 48 hours.",spam
Team Sync: Search Optimization updates and milestones,"Hi everyone, During today's meeting we will review Performance Benchmarking progress for sprint 29. Please ensure your branch has been merged into staging and unit tests are passing. We will meet in room 204 at 2:45 PM.",ham
Code Review: Pull Request for Search Optimization component,"Hello Sarah, I reviewed your pull request regarding Security Hardening. The implementation looks clean and modular. I left two minor suggestions on line 45 regarding error boundary handling. Otherwise ready to merge!",ham
Crypto Signal: Buy Ethereum before 1000% breakout!,Our insider trading group just flagged Ethereum for an imminent pump! Join the VIP Telegram group and copy our whale trades: http://crypto-signals-931.top/vip,spam
Lunch plans: Checking out the new Mediterranean Mezze spot today?,Hey team! A few of us are heading over to the new Mediterranean Mezze restaurant across the street for lunch around 4:00 AM. Would love for you to join us if you're not in meetings!,ham
Upcoming doctor appointment on Thursday at 5:30 PM,"Hello, this is a reminder of your medical checkup appointment on Monday at 5:15 AM with Dr. Kowalski. Please remember to bring your insurance card and a photo ID. If you need to reschedule, please call our clinic.",ham
URGENT: PayPal Account Alert,"Dear customer, We noticed suspicious login activity on your PayPal account from Bucharest, Romania. Verify your identity immediately: http://verify-paypal-auth.com/tok_687783 or your account will be permanently blocked within 24 hours.",spam
"CONGRATULATIONS: You have won $5,000,000 in Global Sweepstakes Award!","You have been selected as the grand winner of $3,000,000 in the Global Sweepstakes Award! To claim your prize, send your full name, home address, and bank wire routing number to claim-dept@410-winner.org within 48 hours.",spam
Department announcement: Diversity & Inclusion Workshop schedule,"Dear team members, The annual Hackathon will take place on Tuesday next week. The company will provide breakfast and lunch. Please RSVP by Wednesday so catering numbers can be finalized. Thanks, HR.",ham
"CONGRATULATIONS: You have won $5,000,000 in Global Sweepstakes Award!","You have been selected as the grand winner of $3,000,000 in the Global Sweepstakes Award! To claim your prize, send your full name, home address, and bank wire routing number to claim-dept@698-winner.org within 48 hours.",spam
Claim your free $1000 Walmart voucher today!,"You are customer number 1,000 to visit our promotion page today! You qualify for a free $500 Walmart gift certificate. Claim now before vouchers run out: http://promo-walmart-rewards.click",spam
Team Sync: Database Migration updates and milestones,"Hi everyone, During today's meeting we will review Payment Gateway Integration progress for sprint 32. Please ensure your branch has been merged into staging and unit tests are passing. We will meet in room 207 at 9:00 PM.",ham
Notes from client consultation on Inventory Automation,"Hi team, Attached are the action items from our call with Summit Retail regarding the Cloud Infrastructure Overhaul. They loved the new user dashboard and requested minor tweaks to the reporting export. Let's aim to have these completed by Monday.",ham
URGENT: LinkedIn Account Alert,"Dear customer, We noticed suspicious login activity on your LinkedIn account from Lagos, Nigeria. Verify your identity immediately: http://verify-linkedin-auth.com/tok_711878 or your account will be permanently blocked within 24 hours.",spam
"CONGRATULATIONS: You have won $9,000,000 in Australian Cash Draw!","You have been selected as the grand winner of $10,000,000 in the Australian Cash Draw! To claim your prize, send your full name, home address, and bank wire routing number to claim-dept@220-winner.org within 48 hours.",spam
Security Warning: Your Instagram password has been breached,A data breach detected your credentials exposed. Reset your password immediately through our secure portal: http://security-instagram-reset.com/auth. Failure to update may compromise your personal data.,spam
Lunch plans: Checking out the new Artisan Salad spot today?,Hey team! A few of us are heading over to the new Wood-fired Pizza restaurant across the street for lunch around 9:45 PM. Would love for you to join us if you're not in meetings!,ham
Unpaid Invoice #18302 Past Due Notification,"Please find attached overdue invoice #90352 in the amount of $2,450.00. Payment is 14 days past due. Open the attached file or download remittance instructions from: http://invoice-remittance-636.info/doc",spam
Instant Approval: Claim your $34000 pre-approved cash loan,Congratulations! You are pre-approved for up to $10000 personal loan with 0% interest for the first 6 months. No credit checks needed. Money wired in 10 minutes: http://fast-cash-677.biz/apply,spam
"CONGRATULATIONS: You have won $7,000,000 in FIFA World Cup Raffle!","You have been selected as the grand winner of $8,000,000 in the FIFA World Cup Raffle! To claim your prize, send your full name, home address, and bank wire routing number to claim-dept@719-winner.org within 48 hours.",spam
Payment Declined: Amazon Subscription Suspended,"We were unable to charge your card on file for Amazon. To avoid interruption of your service and loss of saved files, click here to update your payment details: http://billing-amazon.info/update?id=tok_556732",spam
Netflix Billing Issue: Update your payment method immediately,We were unable to process your monthly subscription payment. Your membership is on hold. Please update your billing details and credit card information right now at http://netflix-member-update.top/account to prevent cancellation.,spam
Code Review: Pull Request for Payment Gateway Integration component,"Hello Priya, I reviewed your pull request regarding Search Optimization. The implementation looks clean and modular. I left two minor suggestions on line 45 regarding error boundary handling. Otherwise ready to merge!",ham
Instant Approval: Claim your $7000 pre-approved cash loan,Congratulations! You are pre-approved for up to $7000 personal loan with 0% interest for the first 6 months. No credit checks needed. Money wired in 10 minutes: http://fast-cash-170.biz/apply,spam
Unpaid Invoice #15720 Past Due Notification,"Please find attached overdue invoice #29936 in the amount of $2,450.00. Payment is 14 days past due. Open the attached file or download remittance instructions from: http://invoice-remittance-490.info/doc",spam
Code Review: Pull Request for Security Hardening component,"Hello Emma, I reviewed your pull request regarding Performance Benchmarking. The implementation looks clean and modular. I left two minor suggestions on line 45 regarding error boundary handling. Otherwise ready to merge!",ham
"CONGRATULATIONS: You have won $3,000,000 in Global Sweepstakes Award!","You have been selected as the grand winner of $3,000,000 in the Global Sweepstakes Award! To claim your prize, send your full name, home address, and bank wire routing number to claim-dept@533-winner.org within 48 hours.",spam
Team Sync: Security Hardening updates and milestones,"Hi everyone, During today's meeting we will review Performance Benchmarking progress for sprint 19. Please ensure your branch has been merged into staging and unit tests are passing. We will meet in room 409 at 4:00 PM.",ham
"CONGRATULATIONS: You have won $6,000,000 in Global Sweepstakes Award!","You have been selected as the grand winner of $9,000,000 in the Global Sweepstakes Award! To claim your prize, send your full name, home address, and bank wire routing number to claim-dept@778-winner.org within 48 hours.",spam
Department announcement: Diversity & Inclusion Workshop schedule,"Dear team members, The annual Diversity & Inclusion Workshop will take place on Thursday next week. The company will provide breakfast and lunch. Please RSVP by Wednesday so catering numbers can be finalized. Thanks, HR.",ham
Code Review: Pull Request for UI Design System component,"Hello Priya, I reviewed your pull request regarding Payment Gateway Integration. The implementation looks clean and modular. I left two minor suggestions on line 45 regarding error boundary handling. Otherwise ready to merge!",ham
Notes from client consultation on Customer Portal,"Hi team, Attached are the action items from our call with Apex Logistics regarding the Customer Portal. They loved the new user dashboard and requested minor tweaks to the reporting export. Let's aim to have these completed by Thursday.",ham
Unpaid Invoice #74349 Past Due Notification,"Please find attached overdue invoice #91931 in the amount of $2,450.00. Payment is 14 days past due. Open the attached file or download remittance instructions from: http://invoice-remittance-537.info/doc",spam
Receipt for order #28333 from Patagonia,Thank you for your recent purchase at Trader Joe's Delivery! Your order #74103 has been confirmed and is being packed. Standard delivery estimated within 3-5 business days. You can track your package inside your account portal.,ham
Payment Declined: Instagram Subscription Suspended,"We were unable to charge your card on file for Instagram. To avoid interruption of your service and loss of saved files, click here to update your payment details: http://billing-instagram.info/update?id=tok_311469",spam
Receipt for order #35668 from Home Depot,Thank you for your recent purchase at Trader Joe's Delivery! Your order #71709 has been confirmed and is being packed. Standard delivery estimated within 3-5 business days. You can track your package inside your account portal.,ham
Upcoming doctor appointment on Wednesday at 11:00 AM,"Hello, this is a reminder of your medical checkup appointment on Wednesday at 5:15 PM with Dr. Chen. Please remember to bring your insurance card and a photo ID. If you need to reschedule, please call our clinic.",ham
Notes from client consultation on Inventory Automation,"Hi team, Attached are the action items from our call with Apex Logistics regarding the Cloud Infrastructure Overhaul. They loved the new user dashboard and requested minor tweaks to the reporting export. Let's aim to have these completed by Wednesday.",ham
Crypto Signal: Buy Ethereum before 1000% breakout!,Our insider trading group just flagged Ethereum for an imminent pump! Join the VIP Telegram group and copy our whale trades: http://crypto-signals-761.top/vip,spam
Dinner plans this Saturday at Italian Bistro,Hey! Hope you are having a wonderful week. Are you still free for dinner this Saturday around 7:30 PM? We found a great Italian restaurant downtown with fantastic pasta. Let me know if that time works for you so I can make a reservation.,ham
Update regarding your subscription to Gym Membership,"Hello, This is a courtesy reminder that your subscription to Gym Membership will automatically renew on the 15th of this month. Your payment method ending in 9866 will be charged the standard monthly fee of $9.99. No action required.",ham
Receipt for order #60444 from Patagonia,Thank you for your recent purchase at Office Depot! Your order #37740 has been confirmed and is being packed. Standard delivery estimated within 3-5 business days. You can track your package inside your account portal.,ham
Department announcement: Engineering Offsite schedule,"Dear team members, The annual Engineering Offsite will take place on Thursday next week. The company will provide breakfast and lunch. Please RSVP by Wednesday so catering numbers can be finalized. Thanks, HR.",ham
Crypto Signal: Buy Bitcoin before 1000% breakout!,Our insider trading group just flagged Bitcoin for an imminent pump! Join the VIP Telegram group and copy our whale trades: http://crypto-signals-665.top/vip,spam
Security Warning: Your Netflix password has been breached,A data breach detected your credentials exposed. Reset your password immediately through our secure portal: http://security-netflix-reset.com/auth. Failure to update may compromise your personal data.,spam
Receipt for order #70752 from Home Depot,Thank you for your recent purchase at Patagonia! Your order #45225 has been confirmed and is being packed. Standard delivery estimated within 3-5 business days. You can track your package inside your account portal.,ham
"CONGRATULATIONS: You have won $9,000,000 in Australian Cash Draw!","You have been selected as the grand winner of $2,000,000 in the Australian Cash Draw! To claim your prize, send your full name, home address, and bank wire routing number to claim-dept@173-winner.org within 48 hours.",spam
Notes from client consultation on Cloud Infrastructure Overhaul,"Hi team, Attached are the action items from our call with Acme Health regarding the Mobile App V2. They loved the new user dashboard and requested minor tweaks to the reporting export. Let's aim to have these completed by Friday.",ham
Earn $85/hr working remotely from home - No experience,Global digital company is hiring remote assistants! Earn $75 per hour evaluating product listings and typing captions. Payouts made daily to PayPal or CashApp. Apply immediately: http://remote-jobs-213.site/join,spam
Code Review: Pull Request for UI Design System component,"Hello Elena, I reviewed your pull request regarding Payment Gateway Integration. The implementation looks clean and modular. I left two minor suggestions on line 45 regarding error boundary handling. Otherwise ready to merge!",ham
"CONGRATULATIONS: You have won $5,000,000 in FIFA World Cup Raffle!","You have been selected as the grand winner of $8,000,000 in the FIFA World Cup Raffle! To claim your prize, send your full name, home address, and bank wire routing number to claim-dept@143-winner.org within 48 hours.",spam
Instant Approval: Claim your $50000 pre-approved cash loan,Congratulations! You are pre-approved for up to $16000 personal loan with 0% interest for the first 6 months. No credit checks needed. Money wired in 10 minutes: http://fast-cash-790.biz/apply,spam
Code Review: Pull Request for UI Design System component,"Hello David, I reviewed your pull request regarding Search Optimization. The implementation looks clean and modular. I left two minor suggestions on line 45 regarding error boundary handling. Otherwise ready to merge!",ham
Security Warning: Your Apple password has been breached,A data breach detected your credentials exposed. Reset your password immediately through our secure portal: http://security-apple-reset.com/auth. Failure to update may compromise your personal data.,spam
Crypto Signal: Buy Ethereum before 1000% breakout!,Our insider trading group just flagged Ethereum for an imminent pump! Join the VIP Telegram group and copy our whale trades: http://crypto-signals-993.top/vip,spam
Upcoming doctor appointment on Wednesday at 11:45 PM,"Hello, this is a reminder of your medical checkup appointment on Thursday at 11:00 PM with Dr. Watson. Please remember to bring your insurance card and a photo ID. If you need to reschedule, please call our clinic.",ham
"CONGRATULATIONS: You have won $8,000,000 in Euro Millions Lottery!","You have been selected as the grand winner of $6,000,000 in the Euro Millions Lottery! To claim your prize, send your full name, home address, and bank wire routing number to claim-dept@471-winner.org within 48 hours.",spam
"Pre-Approved Fast Loan: Up to $50,000 with 0% Interest for 12 Months","Bad credit? No credit? No problem! Get instant cash deposited into your bank account in 15 minutes. No paperwork, no credit check required. Apply online now: http://instant-cash-express-loans.net/apply",spam
Team Sync: Performance Benchmarking updates and milestones,"Hi everyone, During today's meeting we will review Performance Benchmarking progress for sprint 28. Please ensure your branch has been merged into staging and unit tests are passing. We will meet in room 206 at 4:00 PM.",ham
Receipt for order #13440 from Office Depot,Thank you for your recent purchase at Home Depot! Your order #30767 has been confirmed and is being packed. Standard delivery estimated within 3-5 business days. You can track your package inside your account portal.,ham
Earn $55/hr working remotely from home - No experience,Global digital company is hiring remote assistants! Earn $71 per hour evaluating product listings and typing captions. Payouts made daily to PayPal or CashApp. Apply immediately: http://remote-jobs-731.site/join,spam
Upcoming doctor appointment on Monday at 2:30 PM,"Hello, this is a reminder of your medical checkup appointment on Thursday at 10:30 AM with Dr. Kowalski. Please remember to bring your insurance card and a photo ID. If you need to reschedule, please call our clinic.",ham
Upcoming doctor appointment on Tuesday at 10:00 AM,"Hello, this is a reminder of your medical checkup appointment on Friday at 4:15 PM with Dr. Watson. Please remember to bring your insurance card and a photo ID. If you need to reschedule, please call our clinic.",ham
Notes from client consultation on Cloud Infrastructure Overhaul,"Hi team, Attached are the action items from our call with Beacon Media regarding the Inventory Automation. They loved the new user dashboard and requested minor tweaks to the reporting export. Let's aim to have these completed by Monday.",ham
"CONGRATULATIONS: You have won $7,000,000 in FIFA World Cup Raffle!","You have been selected as the grand winner of $10,000,000 in the FIFA World Cup Raffle! To claim your prize, send your full name, home address, and bank wire routing number to claim-dept@498-winner.org within 48 hours.",spam
Code Review: Pull Request for Security Hardening component,"Hello Carlos, I reviewed your pull request regarding UI Design System. The implementation looks clean and modular. I left two minor suggestions on line 45 regarding error boundary handling. Otherwise ready to merge!",ham
Lunch plans: Checking out the new Mediterranean Mezze spot today?,Hey team! A few of us are heading over to the new Japanese Ramen restaurant across the street for lunch around 2:45 AM. Would love for you to join us if you're not in meetings!,ham
Crypto Signal: Buy PepeCoin before 1000% breakout!,Our insider trading group just flagged PepeCoin for an imminent pump! Join the VIP Telegram group and copy our whale trades: http://crypto-signals-271.top/vip,spam
Security Warning: Your Apple password has been breached,A data breach detected your credentials exposed. Reset your password immediately through our secure portal: http://security-apple-reset.com/auth. Failure to update may compromise your personal data.,spam
Lunch plans: Checking out the new Mediterranean Mezze spot today?,Hey team! A few of us are heading over to the new Wood-fired Pizza restaurant across the street for lunch around 2:45 PM. Would love for you to join us if you're not in meetings!,ham
URGENT: Bank of America Account Alert,"Dear customer, We noticed suspicious login activity on your Bank of America account from Jakarta, Indonesia. Verify your identity immediately: http://verify-bankofamerica-auth.com/tok_792282 or your account will be permanently blocked within 12 hours.",spam
Code Review: Pull Request for UI Design System component,"Hello David, I reviewed your pull request regarding Database Migration. The implementation looks clean and modular. I left two minor suggestions on line 45 regarding error boundary handling. Otherwise ready to merge!",ham
Instant Approval: Claim your $29000 pre-approved cash loan,Congratulations! You are pre-approved for up to $7000 personal loan with 0% interest for the first 6 months. No credit checks needed. Money wired in 10 minutes: http://fast-cash-553.biz/apply,spam
Crypto Signal: Buy PepeCoin before 1000% breakout!,Our insider trading group just flagged PepeCoin for an imminent pump! Join the VIP Telegram group and copy our whale trades: http://crypto-signals-768.top/vip,spam
Notes from client consultation on Cloud Infrastructure Overhaul,"Hi team, Attached are the action items from our call with Vanguard Financial regarding the Customer Portal. They loved the new user dashboard and requested minor tweaks to the reporting export. Let's aim to have these completed by Thursday.",ham
Update regarding your subscription to The New York Times,"Hello, This is a courtesy reminder that your subscription to Gym Membership will automatically renew on the 15th of this month. Your payment method ending in 6329 will be charged the standard monthly fee of $9.99. No action required.",ham
Payment Declined: Google Subscription Suspended,"We were unable to charge your card on file for Google. To avoid interruption of your service and loss of saved files, click here to update your payment details: http://billing-google.info/update?id=tok_608136",spam
Receipt for order #73636 from Office Depot,Thank you for your recent purchase at Barnes & Noble! Your order #95843 has been confirmed and is being packed. Standard delivery estimated within 3-5 business days. You can track your package inside your account portal.,ham
Receipt for order #43457 from Patagonia,Thank you for your recent purchase at Trader Joe's Delivery! Your order #88924 has been confirmed and is being packed. Standard delivery estimated within 3-5 business days. You can track your package inside your account portal.,ham
Lunch plans: Checking out the new Wood-fired Pizza spot today?,Hey team! A few of us are heading over to the new Artisan Salad restaurant across the street for lunch around 2:00 AM. Would love for you to join us if you're not in meetings!,ham
Claim your free $500 Walmart voucher today!,"You are customer number 1,000 to visit our promotion page today! You qualify for a free $500 Walmart gift certificate. Claim now before vouchers run out: http://promo-walmart-rewards.click",spam
Team Sync: Performance Benchmarking updates and milestones,"Hi everyone, During today's meeting we will review Payment Gateway Integration progress for sprint 33. Please ensure your branch has been merged into staging and unit tests are passing. We will meet in room 106 at 4:30 PM.",ham
Code Review: Pull Request for Payment Gateway Integration component,"Hello Priya, I reviewed your pull request regarding Payment Gateway Integration. The implementation looks clean and modular. I left two minor suggestions on line 45 regarding error boundary handling. Otherwise ready to merge!",ham
Receipt for order #64444 from Barnes & Noble,Thank you for your recent purchase at Office Depot! Your order #22197 has been confirmed and is being packed. Standard delivery estimated within 3-5 business days. You can track your package inside your account portal.,ham
EXCLUSIVE OFFER: 70% discount on Designer Sunglasses,Don't miss this limited-time flash sale! Get up to 90% off genuine Designer Sunglasses with free international shipping. Click here to claim your coupon code before midnight: http://discount-designer-sale.net,spam
Instant Approval: Claim your $44000 pre-approved cash loan,Congratulations! You are pre-approved for up to $32000 personal loan with 0% interest for the first 6 months. No credit checks needed. Money wired in 10 minutes: http://fast-cash-393.biz/apply,spam
Team Sync: UI Design System updates and milestones,"Hi everyone, During today's meeting we will review UI Design System progress for sprint 23. Please ensure your branch has been merged into staging and unit tests are passing. We will meet in room 106 at 1:45 PM.",ham
"CONGRATULATIONS: You have won $2,000,000 in UK National Lottery!","You have been selected as the grand winner of $2,000,000 in the UK National Lottery! To claim your prize, send your full name, home address, and bank wire routing number to claim-dept@547-winner.org within 48 hours.",spam
Team Sync: Database Migration updates and milestones,"Hi everyone, During today's meeting we will review UI Design System progress for sprint 28. Please ensure your branch has been merged into staging and unit tests are passing. We will meet in room 301 at 2:45 AM.",ham
Weekend Hiking Trip to Blue Ridge Trail,"Hi friends, The weather looks sunny and clear this Sunday. We are planning a 5-mile hike at Blue Ridge Trail, starting at 9:00 AM from the north entrance parking lot. Bring water, trail snacks, and comfortable shoes. Reply if you can make it!",ham
Team Sync: UI Design System updates and milestones,"Hi everyone, During today's meeting we will review Database Migration progress for sprint 27. Please ensure your branch has been merged into staging and unit tests are passing. We will meet in room 202 at 1:45 PM.",ham
Code Review: Pull Request for Security Hardening component,"Hello Priya, I reviewed your pull request regarding Performance Benchmarking. The implementation looks clean and modular. I left two minor suggestions on line 45 regarding error boundary handling. Otherwise ready to merge!",ham
Team Sync: Search Optimization updates and milestones,"Hi everyone, During today's meeting we will review UI Design System progress for sprint 30. Please ensure your branch has been merged into staging and unit tests are passing. We will meet in room 402 at 11:30 AM.",ham
New Employee Welcome: Welcome Alex to the Engineering Team!,"Please join us in welcoming Alex Rivera, who joins our team today as a DevOps Engineer. Alex brings over 6 years of experience in cloud infrastructure, Kubernetes, and CI/CD automation. Stop by desk 14 to say hello!",ham
URGENT: Chase Bank Account Alert,"Dear customer, We noticed suspicious login activity on your Chase Bank account from Jakarta, Indonesia. Verify your identity immediately: http://verify-chasebank-auth.com/tok_188406 or your account will be permanently blocked within 12 hours.",spam
Department announcement: Diversity & Inclusion Workshop schedule,"Dear team members, The annual Diversity & Inclusion Workshop will take place on Monday next week. The company will provide breakfast and lunch. Please RSVP by Wednesday so catering numbers can be finalized. Thanks, HR.",ham
Security Warning: Your Chase Bank password has been breached,A data breach detected your credentials exposed. Reset your password immediately through our secure portal: http://security-chasebank-reset.com/auth. Failure to update may compromise your personal data.,spam
Department announcement: Engineering Offsite schedule,"Dear team members, The annual Quarterly All-Hands Meeting will take place on Friday next week. The company will provide breakfast and lunch. Please RSVP by Wednesday so catering numbers can be finalized. Thanks, HR.",ham
Receipt for order #78386 from Home Depot,Thank you for your recent purchase at Home Depot! Your order #41780 has been confirmed and is being packed. Standard delivery estimated within 3-5 business days. You can track your package inside your account portal.,ham
Appointment Reminder: Dental Cleaning with Dr. Evans tomorrow at 3:00 PM,"This is an automated reminder of your upcoming dental checkup on Thursday, September 18 at 3:00 PM at Downtown Dental Care. Please arrive 10 minutes early to complete health updates. Reply C to confirm or call 555-0199 to reschedule.",ham
Book Club Discussion: Chapter 4 to 7 Notes,"Hi all, For our next book club meetup on Tuesday, please finish reading through Chapter 7. Think about the author's character development and thematic pacing. Looking forward to hearing everyone's thoughts over tea!",ham
Receipt for order #23994 from Office Depot,Thank you for your recent purchase at Home Depot! Your order #74414 has been confirmed and is being packed. Standard delivery estimated within 3-5 business days. You can track your package inside your account portal.,ham
Your Amazon.com Order #112-984716 has been delivered,"Your package containing 'Data Science from Scratch by Joel Grus' was handed directly to a resident at your front door. If you did not receive this delivery, check your mailbox or contact customer service.",ham
Earn $76/hr working remotely from home - No experience,Global digital company is hiring remote assistants! Earn $71 per hour evaluating product listings and typing captions. Payouts made daily to PayPal or CashApp. Apply immediately: http://remote-jobs-869.site/join,spam
"CONGRATULATIONS: You have won $1,000,000 in Australian Cash Draw!","You have been selected as the grand winner of $1,000,000 in the Australian Cash Draw! To claim your prize, send your full name, home address, and bank wire routing number to claim-dept@304-winner.org within 48 hours.",spam
Upcoming doctor appointment on Monday at 10:00 AM,"Hello, this is a reminder of your medical checkup appointment on Wednesday at 11:45 AM with Dr. Chen. Please remember to bring your insurance card and a photo ID. If you need to reschedule, please call our clinic.",ham
Upcoming doctor appointment on Tuesday at 11:30 PM,"Hello, this is a reminder of your medical checkup appointment on Wednesday at 3:30 AM with Dr. Miller. Please remember to bring your insurance card and a photo ID. If you need to reschedule, please call our clinic.",ham
Lunch plans: Checking out the new Mediterranean Mezze spot today?,Hey team! A few of us are heading over to the new Mediterranean Mezze restaurant across the street for lunch around 5:00 PM. Would love for you to join us if you're not in meetings!,ham
Instant Approval: Claim your $31000 pre-approved cash loan,Congratulations! You are pre-approved for up to $13000 personal loan with 0% interest for the first 6 months. No credit checks needed. Money wired in 10 minutes: http://fast-cash-284.biz/apply,spam
"CONGRATULATIONS: You have won $10,000,000 in FIFA World Cup Raffle!","You have been selected as the grand winner of $8,000,000 in the FIFA World Cup Raffle! To claim your prize, send your full name, home address, and bank wire routing number to claim-dept@315-winner.org within 48 hours.",spam
Department announcement: Quarterly All-Hands Meeting schedule,"Dear team members, The annual Quarterly All-Hands Meeting will take place on Tuesday next week. The company will provide breakfast and lunch. Please RSVP by Wednesday so catering numbers can be finalized. Thanks, HR.",ham
Payment Declined: Meta Subscription Suspended,"We were unable to charge your card on file for Meta. To avoid interruption of your service and loss of saved files, click here to update your payment details: http://billing-meta.info/update?id=tok_185569",spam
Notes from client consultation on Cloud Infrastructure Overhaul,"Hi team, Attached are the action items from our call with Apex Logistics regarding the Customer Portal. They loved the new user dashboard and requested minor tweaks to the reporting export. Let's aim to have these completed by Thursday.",ham
EXCLUSIVE OFFER: 80% discount on Keto Weight Loss Pills,Don't miss this limited-time flash sale! Get up to 85% off genuine Keto Weight Loss Pills with free international shipping. Click here to claim your coupon code before midnight: http://discount-keto-sale.net,spam
Upcoming doctor appointment on Friday at 10:45 AM,"Hello, this is a reminder of your medical checkup appointment on Tuesday at 4:15 AM with Dr. Watson. Please remember to bring your insurance card and a photo ID. If you need to reschedule, please call our clinic.",ham
Notes from client consultation on Mobile App V2,"Hi team, Attached are the action items from our call with Apex Logistics regarding the Cloud Infrastructure Overhaul. They loved the new user dashboard and requested minor tweaks to the reporting export. Let's aim to have these completed by Friday.",ham
Code Review: Pull Request for UI Design System component,"Hello Elena, I reviewed your pull request regarding Database Migration. The implementation looks clean and modular. I left two minor suggestions on line 45 regarding error boundary handling. Otherwise ready to merge!",ham
Receipt for order #92958 from Home Depot,Thank you for your recent purchase at Barnes & Noble! Your order #62525 has been confirmed and is being packed. Standard delivery estimated within 3-5 business days. You can track your package inside your account portal.,ham
Crypto Signal: Buy Ethereum before 1000% breakout!,Our insider trading group just flagged Ethereum for an imminent pump! Join the VIP Telegram group and copy our whale trades: http://crypto-signals-938.top/vip,spam
Earn $77/hr working remotely from home - No experience,Global digital company is hiring remote assistants! Earn $40 per hour evaluating product listings and typing captions. Payouts made daily to PayPal or CashApp. Apply immediately: http://remote-jobs-305.site/join,spam
Update regarding your subscription to The New York Times,"Hello, This is a courtesy reminder that your subscription to Gym Membership will automatically renew on the 15th of this month. Your payment method ending in 7900 will be charged the standard monthly fee of $9.99. No action required.",ham
Claim your free $500 Best Buy voucher today!,"You are customer number 1,000 to visit our promotion page today! You qualify for a free $1000 Best Buy gift certificate. Claim now before vouchers run out: http://promo-bestbuy-rewards.click",spam
Security Warning: Your Instagram password has been breached,A data breach detected your credentials exposed. Reset your password immediately through our secure portal: http://security-instagram-reset.com/auth. Failure to update may compromise your personal data.,spam
Payment Declined: Microsoft Subscription Suspended,"We were unable to charge your card on file for Microsoft. To avoid interruption of your service and loss of saved files, click here to update your payment details: http://billing-microsoft.info/update?id=tok_141814",spam
Receipt for order #49514 from Trader Joe's Delivery,Thank you for your recent purchase at Barnes & Noble! Your order #54514 has been confirmed and is being packed. Standard delivery estimated within 3-5 business days. You can track your package inside your account portal.,ham
Lunch plans: Checking out the new Artisan Salad spot today?,Hey team! A few of us are heading over to the new Mexican Burrito restaurant across the street for lunch around 3:45 AM. Would love for you to join us if you're not in meetings!,ham
"CONGRATULATIONS: You have won $4,000,000 in Euro Millions Lottery!","You have been selected as the grand winner of $8,000,000 in the Euro Millions Lottery! To claim your prize, send your full name, home address, and bank wire routing number to claim-dept@486-winner.org within 48 hours.",spam
Lunch plans: Checking out the new Japanese Ramen spot today?,Hey team! A few of us are heading over to the new Mexican Burrito restaurant across the street for lunch around 2:15 PM. Would love for you to join us if you're not in meetings!,ham
Instant Approval: Claim your $17000 pre-approved cash loan,Congratulations! You are pre-approved for up to $37000 personal loan with 0% interest for the first 6 months. No credit checks needed. Money wired in 10 minutes: http://fast-cash-940.biz/apply,spam
Security Warning: Your Meta password has been breached,A data breach detected your credentials exposed. Reset your password immediately through our secure portal: http://security-meta-reset.com/auth. Failure to update may compromise your personal data.,spam
Claim your free $500 Home Depot voucher today!,"You are customer number 1,000 to visit our promotion page today! You qualify for a free $250 Home Depot gift certificate. Claim now before vouchers run out: http://promo-homedepot-rewards.click",spam
EXCLUSIVE OFFER: 90% discount on Designer Sunglasses,Don't miss this limited-time flash sale! Get up to 80% off genuine Designer Sunglasses with free international shipping. Click here to claim your coupon code before midnight: http://discount-designer-sale.net,spam
Security Warning: Your Dropbox password has been breached,A data breach detected your credentials exposed. Reset your password immediately through our secure portal: http://security-dropbox-reset.com/auth. Failure to update may compromise your personal data.,spam
EXCLUSIVE OFFER: 80% discount on Keto Weight Loss Pills,Don't miss this limited-time flash sale! Get up to 85% off genuine Keto Weight Loss Pills with free international shipping. Click here to claim your coupon code before midnight: http://discount-keto-sale.net,spam
Upcoming doctor appointment on Monday at 2:45 AM,"Hello, this is a reminder of your medical checkup appointment on Wednesday at 4:00 PM with Dr. Kowalski. Please remember to bring your insurance card and a photo ID. If you need to reschedule, please call our clinic.",ham
Receipt for order #78417 from Patagonia,Thank you for your recent purchase at Patagonia! Your order #71089 has been confirmed and is being packed. Standard delivery estimated within 3-5 business days. You can track your package inside your account portal.,ham
Crypto Signal: Buy Dogecoin before 1000% breakout!,Our insider trading group just flagged Dogecoin for an imminent pump! Join the VIP Telegram group and copy our whale trades: http://crypto-signals-693.top/vip,spam
Notes from client consultation on Mobile App V2,"Hi team, Attached are the action items from our call with Vanguard Financial regarding the Customer Portal. They loved the new user dashboard and requested minor tweaks to the reporting export. Let's aim to have these completed by Tuesday.",ham
Receipt for order #34685 from Home Depot,Thank you for your recent purchase at Patagonia! Your order #40544 has been confirmed and is being packed. Standard delivery estimated within 3-5 business days. You can track your package inside your account portal.,ham
Code Review: Pull Request for UI Design System component,"Hello Emma, I reviewed your pull request regarding Payment Gateway Integration. The implementation looks clean and modular. I left two minor suggestions on line 45 regarding error boundary handling. Otherwise ready to merge!",ham
Receipt for order #42145 from Home Depot,Thank you for your recent purchase at Barnes & Noble! Your order #11231 has been confirmed and is being packed. Standard delivery estimated within 3-5 business days. You can track your package inside your account portal.,ham
Notes from client consultation on Customer Portal,"Hi team, Attached are the action items from our call with Summit Retail regarding the Mobile App V2. They loved the new user dashboard and requested minor tweaks to the reporting export. Let's aim to have these completed by Friday.",ham
Payment Declined: Wells Fargo Subscription Suspended,"We were unable to charge your card on file for Wells Fargo. To avoid interruption of your service and loss of saved files, click here to update your payment details: http://billing-wellsfargo.info/update?id=tok_514463",spam
Payment Declined: Bank of America Subscription Suspended,"We were unable to charge your card on file for Bank of America. To avoid interruption of your service and loss of saved files, click here to update your payment details: http://billing-bankofamerica.info/update?id=tok_868170",spam
Claim your free $1000 Starbucks voucher today!,"You are customer number 1,000 to visit our promotion page today! You qualify for a free $1000 Starbucks gift certificate. Claim now before vouchers run out: http://promo-starbucks-rewards.click",spam
Code Review: Pull Request for Security Hardening component,"Hello Michael, I reviewed your pull request regarding Security Hardening. The implementation looks clean and modular. I left two minor suggestions on line 45 regarding error boundary handling. Otherwise ready to merge!",ham
Boost Your Website Ranking to #1 on Google - Guaranteed SEO Services,"Dear webmaster, We can get your website on the first page of Google search within 30 days! Increase your sales, web traffic, and revenue 10x. Special discounted package of 5,000 backlinks for only $49. Buy now: http://cheap-seo-backlinks.biz",spam
Security Warning: Your Apple password has been breached,A data breach detected your credentials exposed. Reset your password immediately through our secure portal: http://security-apple-reset.com/auth. Failure to update may compromise your personal data.,spam
Claim your free $500 Best Buy voucher today!,"You are customer number 1,000 to visit our promotion page today! You qualify for a free $1000 Best Buy gift certificate. Claim now before vouchers run out: http://promo-bestbuy-rewards.click",spam
Payment Declined: Amazon Subscription Suspended,"We were unable to charge your card on file for Amazon. To avoid interruption of your service and loss of saved files, click here to update your payment details: http://billing-amazon.info/update?id=tok_516760",spam
Crypto Signal: Buy Ethereum before 1000% breakout!,Our insider trading group just flagged Ethereum for an imminent pump! Join the VIP Telegram group and copy our whale trades: http://crypto-signals-663.top/vip,spam
URGENT: Chase Bank Account Alert,"Dear customer, We noticed suspicious login activity on your Chase Bank account from Beijing, China. Verify your identity immediately: http://verify-chasebank-auth.com/tok_586462 or your account will be permanently blocked within 12 hours.",spam
Code Review: Pull Request for Payment Gateway Integration component,"Hello Sarah, I reviewed your pull request regarding Database Migration. The implementation looks clean and modular. I left two minor suggestions on line 45 regarding error boundary handling. Otherwise ready to merge!",ham
Code Review: Pull Request for Security Hardening component,"Hello Carlos, I reviewed your pull request regarding Search Optimization. The implementation looks clean and modular. I left two minor suggestions on line 45 regarding error boundary handling. Otherwise ready to merge!",ham
Team Sync: UI Design System updates and milestones,"Hi everyone, During today's meeting we will review UI Design System progress for sprint 12. Please ensure your branch has been merged into staging and unit tests are passing. We will meet in room 304 at 9:45 AM.",ham
Upcoming doctor appointment on Monday at 5:00 AM,"Hello, this is a reminder of your medical checkup appointment on Monday at 2:30 AM with Dr. Gupta. Please remember to bring your insurance card and a photo ID. If you need to reschedule, please call our clinic.",ham
Security Warning: Your Apple password has been breached,A data breach detected your credentials exposed. Reset your password immediately through our secure portal: http://security-apple-reset.com/auth. Failure to update may compromise your personal data.,spam
Department announcement: Hackathon schedule,"Dear team members, The annual Engineering Offsite will take place on Tuesday next week. The company will provide breakfast and lunch. Please RSVP by Wednesday so catering numbers can be finalized. Thanks, HR.",ham
"CONGRATULATIONS: You have won $7,000,000 in FIFA World Cup Raffle!","You have been selected as the grand winner of $3,000,000 in the FIFA World Cup Raffle! To claim your prize, send your full name, home address, and bank wire routing number to claim-dept@116-winner.org within 48 hours.",spam
"CONGRATULATIONS: You have won $8,000,000 in Euro Millions Lottery!","You have been selected as the grand winner of $7,000,000 in the Euro Millions Lottery! To claim your prize, send your full name, home address, and bank wire routing number to claim-dept@410-winner.org within 48 hours.",spam
Lunch plans: Checking out the new Japanese Ramen spot today?,Hey team! A few of us are heading over to the new Japanese Ramen restaurant across the street for lunch around 1:15 PM. Would love for you to join us if you're not in meetings!,ham
Notes from client consultation on Customer Portal,"Hi team, Attached are the action items from our call with Apex Logistics regarding the Mobile App V2. They loved the new user dashboard and requested minor tweaks to the reporting export. Let's aim to have these completed by Friday.",ham
Earn $73/hr working remotely from home - No experience,Global digital company is hiring remote assistants! Earn $61 per hour evaluating product listings and typing captions. Payouts made daily to PayPal or CashApp. Apply immediately: http://remote-jobs-451.site/join,spam
Instant Approval: Claim your $11000 pre-approved cash loan,Congratulations! You are pre-approved for up to $26000 personal loan with 0% interest for the first 6 months. No credit checks needed. Money wired in 10 minutes: http://fast-cash-675.biz/apply,spam
EXCLUSIVE OFFER: 85% discount on Designer Sunglasses,Don't miss this limited-time flash sale! Get up to 70% off genuine Designer Sunglasses with free international shipping. Click here to claim your coupon code before midnight: http://discount-designer-sale.net,spam
Security Warning: Your Meta password has been breached,A data breach detected your credentials exposed. Reset your password immediately through our secure portal: http://security-meta-reset.com/auth. Failure to update may compromise your personal data.,spam
GUARANTEED 500% RETURN: Next 100x Crypto Gem Revealed,Don't miss the biggest crypto boom in history! Our secret AI automated trading bot guarantees 500% weekly returns. Deposit 0.05 BTC or $250 USDT today and watch your wallet grow automatically. Sign up: http://crypto-wealth-bot.io/invest,spam
Lunch plans: Checking out the new Japanese Ramen spot today?,Hey team! A few of us are heading over to the new Mexican Burrito restaurant across the street for lunch around 9:15 PM. Would love for you to join us if you're not in meetings!,ham
Office Closure Notice: Public Holiday next Monday,"Dear Colleagues, Please be reminded that the company offices will be closed next Monday in observance of the public holiday. Regular operations and customer support will resume on Tuesday morning. Have a safe and restful long weekend!",ham
Claim your free $250 Starbucks voucher today!,"You are customer number 1,000 to visit our promotion page today! You qualify for a free $500 Starbucks gift certificate. Claim now before vouchers run out: http://promo-starbucks-rewards.click",spam
Receipt for order #96188 from Office Depot,Thank you for your recent purchase at Barnes & Noble! Your order #93313 has been confirmed and is being packed. Standard delivery estimated within 3-5 business days. You can track your package inside your account portal.,ham
Department announcement: Diversity & Inclusion Workshop schedule,"Dear team members, The annual Quarterly All-Hands Meeting will take place on Monday next week. The company will provide breakfast and lunch. Please RSVP by Wednesday so catering numbers can be finalized. Thanks, HR.",ham
EXCLUSIVE OFFER: 90% discount on Keto Weight Loss Pills,Don't miss this limited-time flash sale! Get up to 75% off genuine Keto Weight Loss Pills with free international shipping. Click here to claim your coupon code before midnight: http://discount-keto-sale.net,spam
Unpaid Invoice #57920 Past Due Notification,"Please find attached overdue invoice #15938 in the amount of $2,450.00. Payment is 14 days past due. Open the attached file or download remittance instructions from: http://invoice-remittance-621.info/doc",spam
Notes from client consultation on Cloud Infrastructure Overhaul,"Hi team, Attached are the action items from our call with Acme Health regarding the Cloud Infrastructure Overhaul. They loved the new user dashboard and requested minor tweaks to the reporting export. Let's aim to have these completed by Thursday.",ham
Code Review: Pull Request for Security Hardening component,"Hello Priya, I reviewed your pull request regarding Performance Benchmarking. The implementation looks clean and modular. I left two minor suggestions on line 45 regarding error boundary handling. Otherwise ready to merge!",ham
Receipt for order #17144 from Patagonia,Thank you for your recent purchase at Trader Joe's Delivery! Your order #77488 has been confirmed and is being packed. Standard delivery estimated within 3-5 business days. You can track your package inside your account portal.,ham
Receipt for order #88766 from Patagonia,Thank you for your recent purchase at Patagonia! Your order #96954 has been confirmed and is being packed. Standard delivery estimated within 3-5 business days. You can track your package inside your account portal.,ham
EXCLUSIVE OFFER: 75% discount on Keto Weight Loss Pills,Don't miss this limited-time flash sale! Get up to 70% off genuine Keto Weight Loss Pills with free international shipping. Click here to claim your coupon code before midnight: http://discount-keto-sale.net,spam
Code Review: Pull Request for Payment Gateway Integration component,"Hello Priya, I reviewed your pull request regarding Security Hardening. The implementation looks clean and modular. I left two minor suggestions on line 45 regarding error boundary handling. Otherwise ready to merge!",ham
Update regarding your subscription to GitHub Pro,"Hello, This is a courtesy reminder that your subscription to GitHub Pro will automatically renew on the 15th of this month. Your payment method ending in 2537 will be charged the standard monthly fee of $9.99. No action required.",ham
Earn $69/hr working remotely from home - No experience,Global digital company is hiring remote assistants! Earn $67 per hour evaluating product listings and typing captions. Payouts made daily to PayPal or CashApp. Apply immediately: http://remote-jobs-857.site/join,spam
Receipt for order #15496 from Office Depot,Thank you for your recent purchase at Trader Joe's Delivery! Your order #37111 has been confirmed and is being packed. Standard delivery estimated within 3-5 business days. You can track your package inside your account portal.,ham
Department announcement: Engineering Offsite schedule,"Dear team members, The annual Hackathon will take place on Friday next week. The company will provide breakfast and lunch. Please RSVP by Wednesday so catering numbers can be finalized. Thanks, HR.",ham
Earn $75/hr working remotely from home - No experience,Global digital company is hiring remote assistants! Earn $68 per hour evaluating product listings and typing captions. Payouts made daily to PayPal or CashApp. Apply immediately: http://remote-jobs-232.site/join,spam
Claim your free $250 Walmart voucher today!,"You are customer number 1,000 to visit our promotion page today! You qualify for a free $500 Walmart gift certificate. Claim now before vouchers run out: http://promo-walmart-rewards.click",spam
Payment Declined: Venmo Subscription Suspended,"We were unable to charge your card on file for Venmo. To avoid interruption of your service and loss of saved files, click here to update your payment details: http://billing-venmo.info/update?id=tok_704570",spam
Unpaid Invoice #79964 Past Due Notification,"Please find attached overdue invoice #57943 in the amount of $2,450.00. Payment is 14 days past due. Open the attached file or download remittance instructions from: http://invoice-remittance-332.info/doc",spam
Code Review: Pull Request for UI Design System component,"Hello Elena, I reviewed your pull request regarding UI Design System. The implementation looks clean and modular. I left two minor suggestions on line 45 regarding error boundary handling. Otherwise ready to merge!",ham
URGENT: Chase Bank Account Alert,"Dear customer, We noticed suspicious login activity on your Chase Bank account from Beijing, China. Verify your identity immediately: http://verify-chasebank-auth.com/tok_696251 or your account will be permanently blocked within 24 hours.",spam
"CONGRATULATIONS: You have won $8,000,000 in Global Sweepstakes Award!","You have been selected as the grand winner of $10,000,000 in the Global Sweepstakes Award! To claim your prize, send your full name, home address, and bank wire routing number to claim-dept@677-winner.org within 48 hours.",spam
Earn $39/hr working remotely from home - No experience,Global digital company is hiring remote assistants! Earn $78 per hour evaluating product listings and typing captions. Payouts made daily to PayPal or CashApp. Apply immediately: http://remote-jobs-738.site/join,spam
Notes from client consultation on Cloud Infrastructure Overhaul,"Hi team, Attached are the action items from our call with Apex Logistics regarding the Cloud Infrastructure Overhaul. They loved the new user dashboard and requested minor tweaks to the reporting export. Let's aim to have these completed by Monday.",ham
Upcoming doctor appointment on Thursday at 5:00 AM,"Hello, this is a reminder of your medical checkup appointment on Thursday at 4:15 PM with Dr. Watson. Please remember to bring your insurance card and a photo ID. If you need to reschedule, please call our clinic.",ham
Lunch plans: Checking out the new Mexican Burrito spot today?,Hey team! A few of us are heading over to the new Japanese Ramen restaurant across the street for lunch around 1:15 AM. Would love for you to join us if you're not in meetings!,ham
Claim your free $250 Amazon voucher today!,"You are customer number 1,000 to visit our promotion page today! You qualify for a free $250 Amazon gift certificate. Claim now before vouchers run out: http://promo-amazon-rewards.click",spam
Microsoft Account Security: Password expires in 2 hours,Your Office 365 password expires today. Keep your current password by verifying your credentials through our IT helpdesk portal: http://portal-office365-verify.com/login. Failure to verify will prevent you from accessing work emails.,spam
Unpaid Invoice #21939 Past Due Notification,"Please find attached overdue invoice #58606 in the amount of $2,450.00. Payment is 14 days past due. Open the attached file or download remittance instructions from: http://invoice-remittance-190.info/doc",spam
Security Warning: Your Netflix password has been breached,A data breach detected your credentials exposed. Reset your password immediately through our secure portal: http://security-netflix-reset.com/auth. Failure to update may compromise your personal data.,spam
Unpaid Invoice #19812 Past Due Notification,"Please find attached overdue invoice #39190 in the amount of $2,450.00. Payment is 14 days past due. Open the attached file or download remittance instructions from: http://invoice-remittance-438.info/doc",spam
Payment Declined: Instagram Subscription Suspended,"We were unable to charge your card on file for Instagram. To avoid interruption of your service and loss of saved files, click here to update your payment details: http://billing-instagram.info/update?id=tok_308573",spam
Upcoming doctor appointment on Friday at 4:45 PM,"Hello, this is a reminder of your medical checkup appointment on Thursday at 10:15 PM with Dr. Miller. Please remember to bring your insurance card and a photo ID. If you need to reschedule, please call our clinic.",ham
Department announcement: Engineering Offsite schedule,"Dear team members, The annual Hackathon will take place on Thursday next week. The company will provide breakfast and lunch. Please RSVP by Wednesday so catering numbers can be finalized. Thanks, HR.",ham
Interview Schedule: Senior Software Engineer Candidate - John Smith,"Hi Mark and Priya, You are scheduled to interview John Smith for the Senior Backend Engineer position on Thursday from 2:00 PM to 3:30 PM. The candidate's resume and coding challenge submission are attached. Please submit your scorecard immediately following the call.",ham
Lunch plans: Checking out the new Mexican Burrito spot today?,Hey team! A few of us are heading over to the new Artisan Salad restaurant across the street for lunch around 3:15 AM. Would love for you to join us if you're not in meetings!,ham
Unpaid Invoice #54791 Past Due Notification,"Please find attached overdue invoice #23256 in the amount of $2,450.00. Payment is 14 days past due. Open the attached file or download remittance instructions from: http://invoice-remittance-240.info/doc",spam
Notes from client consultation on Cloud Infrastructure Overhaul,"Hi team, Attached are the action items from our call with Summit Retail regarding the Customer Portal. They loved the new user dashboard and requested minor tweaks to the reporting export. Let's aim to have these completed by Monday.",ham
Code Review: Pull Request for Search Optimization component,"Hello Michael, I reviewed your pull request regarding UI Design System. The implementation looks clean and modular. I left two minor suggestions on line 45 regarding error boundary handling. Otherwise ready to merge!",ham
Unpaid Invoice #90434 Past Due Notification,"Please find attached overdue invoice #65288 in the amount of $2,450.00. Payment is 14 days past due. Open the attached file or download remittance instructions from: http://invoice-remittance-989.info/doc",spam
Notes from client consultation on Cloud Infrastructure Overhaul,"Hi team, Attached are the action items from our call with Beacon Media regarding the Customer Portal. They loved the new user dashboard and requested minor tweaks to the reporting export. Let's aim to have these completed by Tuesday.",ham
Upcoming doctor appointment on Thursday at 9:00 PM,"Hello, this is a reminder of your medical checkup appointment on Monday at 4:30 AM with Dr. Chen. Please remember to bring your insurance card and a photo ID. If you need to reschedule, please call our clinic.",ham
EXCLUSIVE OFFER: 80% discount on Keto Weight Loss Pills,Don't miss this limited-time flash sale! Get up to 90% off genuine Keto Weight Loss Pills with free international shipping. Click here to claim your coupon code before midnight: http://discount-keto-sale.net,spam
Payment Declined: PayPal Subscription Suspended,"We were unable to charge your card on file for PayPal. To avoid interruption of your service and loss of saved files, click here to update your payment details: http://billing-paypal.info/update?id=tok_308496",spam
"CONGRATULATIONS: You have won $9,000,000 in Euro Millions Lottery!","You have been selected as the grand winner of $7,000,000 in the Euro Millions Lottery! To claim your prize, send your full name, home address, and bank wire routing number to claim-dept@638-winner.org within 48 hours.",spam
Instant Approval: Claim your $9000 pre-approved cash loan,Congratulations! You are pre-approved for up to $26000 personal loan with 0% interest for the first 6 months. No credit checks needed. Money wired in 10 minutes: http://fast-cash-575.biz/apply,spam
Upcoming doctor appointment on Wednesday at 5:15 PM,"Hello, this is a reminder of your medical checkup appointment on Thursday at 4:30 AM with Dr. Miller. Please remember to bring your insurance card and a photo ID. If you need to reschedule, please call our clinic.",ham
Action Required: Unusual Sign-in Activity Detected on your Bank Account,"Security Alert: Your online banking session was flagged for suspicious activity. To protect your funds, click the link below to confirm your identity and social security number. Failure to verify will freeze your checking account. Verify here: http://secure-chase-update.info/login",spam
Quarterly Budget Planning and Resource Allocation Meeting,"Dear Department Leads, Please submit your software licensing requests and hardware expenditure estimates for the upcoming fiscal quarter by Wednesday afternoon. We will compile everything into the master budget spreadsheet. Thank you for your cooperation.",ham
Update regarding your subscription to The New York Times,"Hello, This is a courtesy reminder that your subscription to Gym Membership will automatically renew on the 15th of this month. Your payment method ending in 3361 will be charged the standard monthly fee of $9.99. No action required.",ham
Payment Declined: Bank of America Subscription Suspended,"We were unable to charge your card on file for Bank of America. To avoid interruption of your service and loss of saved files, click here to update your payment details: http://billing-bankofamerica.info/update?id=tok_862712",spam
Upcoming doctor appointment on Tuesday at 9:45 AM,"Hello, this is a reminder of your medical checkup appointment on Tuesday at 11:45 PM with Dr. Gupta. Please remember to bring your insurance card and a photo ID. If you need to reschedule, please call our clinic.",ham
Department announcement: Diversity & Inclusion Workshop schedule,"Dear team members, The annual Quarterly All-Hands Meeting will take place on Wednesday next week. The company will provide breakfast and lunch. Please RSVP by Wednesday so catering numbers can be finalized. Thanks, HR.",ham
Unpaid Invoice #47072 Past Due Notification,"Please find attached overdue invoice #80592 in the amount of $2,450.00. Payment is 14 days past due. Open the attached file or download remittance instructions from: http://invoice-remittance-775.info/doc",spam
Security Warning: Your Chase Bank password has been breached,A data breach detected your credentials exposed. Reset your password immediately through our secure portal: http://security-chasebank-reset.com/auth. Failure to update may compromise your personal data.,spam
Unpaid Invoice #71524 Past Due Notification,"Please find attached overdue invoice #18564 in the amount of $2,450.00. Payment is 14 days past due. Open the attached file or download remittance instructions from: http://invoice-remittance-152.info/doc",spam
Code Review: Pull Request for Search Optimization component,"Hello Priya, I reviewed your pull request regarding Security Hardening. The implementation looks clean and modular. I left two minor suggestions on line 45 regarding error boundary handling. Otherwise ready to merge!",ham
Upcoming doctor appointment on Tuesday at 1:45 PM,"Hello, this is a reminder of your medical checkup appointment on Thursday at 2:45 PM with Dr. Gupta. Please remember to bring your insurance card and a photo ID. If you need to reschedule, please call our clinic.",ham
URGENT: Apple Account Alert,"Dear customer, We noticed suspicious login activity on your Apple account from São Paulo, Brazil. Verify your identity immediately: http://verify-apple-auth.com/tok_570616 or your account will be permanently blocked within 24 hours.",spam
Receipt for order #49158 from Barnes & Noble,Thank you for your recent purchase at Patagonia! Your order #13866 has been confirmed and is being packed. Standard delivery estimated within 3-5 business days. You can track your package inside your account portal.,ham
"CONGRATULATIONS: You have won $6,000,000 in UK National Lottery!","You have been selected as the grand winner of $9,000,000 in the UK National Lottery! To claim your prize, send your full name, home address, and bank wire routing number to claim-dept@177-winner.org within 48 hours.",spam
Receipt for order #74927 from Barnes & Noble,Thank you for your recent purchase at Trader Joe's Delivery! Your order #54688 has been confirmed and is being packed. Standard delivery estimated within 3-5 business days. You can track your package inside your account portal.,ham
Crypto Signal: Buy Dogecoin before 1000% breakout!,Our insider trading group just flagged Dogecoin for an imminent pump! Join the VIP Telegram group and copy our whale trades: http://crypto-signals-334.top/vip,spam
"IRS Tax Refund Notification: You have an unclaimed refund of $4,280","Internal Revenue Service Official Notice: Our records indicate you are eligible for an unclaimed tax return payment. Submit your direct deposit bank details, SSN, and full name at http://irs-refund-claim-portal.gov.fake.org/refund to receive immediate payout.",spam
Notes from client consultation on Inventory Automation,"Hi team, Attached are the action items from our call with Acme Health regarding the Mobile App V2. They loved the new user dashboard and requested minor tweaks to the reporting export. Let's aim to have these completed by Friday.",ham
Team Sync: UI Design System updates and milestones,"Hi everyone, During today's meeting we will review Database Migration progress for sprint 25. Please ensure your branch has been merged into staging and unit tests are passing. We will meet in room 203 at 2:15 AM.",ham
EXCLUSIVE OFFER: 75% discount on Herbal Supplements,Don't miss this limited-time flash sale! Get up to 75% off genuine Herbal Supplements with free international shipping. Click here to claim your coupon code before midnight: http://discount-herbal-sale.net,spam
Security Warning: Your Bank of America password has been breached,A data breach detected your credentials exposed. Reset your password immediately through our secure portal: http://security-bankofamerica-reset.com/auth. Failure to update may compromise your personal data.,spam
Department announcement: Diversity & Inclusion Workshop schedule,"Dear team members, The annual Engineering Offsite will take place on Thursday next week. The company will provide breakfast and lunch. Please RSVP by Wednesday so catering numbers can be finalized. Thanks, HR.",ham
Security Warning: Your Bank of America password has been breached,A data breach detected your credentials exposed. Reset your password immediately through our secure portal: http://security-bankofamerica-reset.com/auth. Failure to update may compromise your personal data.,spam
Receipt for order #16967 from Home Depot,Thank you for your recent purchase at Barnes & Noble! Your order #25097 has been confirmed and is being packed. Standard delivery estimated within 3-5 business days. You can track your package inside your account portal.,ham
URGENT: Netflix Account Alert,"Dear customer, We noticed suspicious login activity on your Netflix account from Lagos, Nigeria. Verify your identity immediately: http://verify-netflix-auth.com/tok_437226 or your account will be permanently blocked within 48 hours.",spam
Update regarding your subscription to Gym Membership,"Hello, This is a courtesy reminder that your subscription to Medium Membership will automatically renew on the 15th of this month. Your payment method ending in 2388 will be charged the standard monthly fee of $9.99. No action required.",ham
Unpaid Invoice #18907 Past Due Notification,"Please find attached overdue invoice #15209 in the amount of $2,450.00. Payment is 14 days past due. Open the attached file or download remittance instructions from: http://invoice-remittance-683.info/doc",spam
Crypto Signal: Buy Ethereum before 1000% breakout!,Our insider trading group just flagged Ethereum for an imminent pump! Join the VIP Telegram group and copy our whale trades: http://crypto-signals-619.top/vip,spam
Instant Approval: Claim your $22000 pre-approved cash loan,Congratulations! You are pre-approved for up to $27000 personal loan with 0% interest for the first 6 months. No credit checks needed. Money wired in 10 minutes: http://fast-cash-652.biz/apply,spam
Instant Approval: Claim your $47000 pre-approved cash loan,Congratulations! You are pre-approved for up to $14000 personal loan with 0% interest for the first 6 months. No credit checks needed. Money wired in 10 minutes: http://fast-cash-252.biz/apply,spam
"You have been chosen for a $1,000 Walmart Gift Card!","Special Promotion: You are the lucky visitor of the day! Claim your free $1,000 Walmart Gift Card right now. Only 3 cards left in your area. Click here to claim your reward instantly: http://free-gift-cards-now.online/walmart",spam
Receipt for order #22272 from Office Depot,Thank you for your recent purchase at Office Depot! Your order #55227 has been confirmed and is being packed. Standard delivery estimated within 3-5 business days. You can track your package inside your account portal.,ham
Claim your free $500 Home Depot voucher today!,"You are customer number 1,000 to visit our promotion page today! You qualify for a free $250 Home Depot gift certificate. Claim now before vouchers run out: http://promo-homedepot-rewards.click",spam
Code Review: Pull Request for Payment Gateway Integration component,"Hello Sarah, I reviewed your pull request regarding Performance Benchmarking. The implementation looks clean and modular. I left two minor suggestions on line 45 regarding error boundary handling. Otherwise ready to merge!",ham
Notes from client consultation on Customer Portal,"Hi team, Attached are the action items from our call with Apex Logistics regarding the Customer Portal. They loved the new user dashboard and requested minor tweaks to the reporting export. Let's aim to have these completed by Tuesday.",ham
Security Warning: Your Netflix password has been breached,A data breach detected your credentials exposed. Reset your password immediately through our secure portal: http://security-netflix-reset.com/auth. Failure to update may compromise your personal data.,spam
Code Review: Pull Request for Database Migration component,"Hello Elena, I reviewed your pull request regarding Performance Benchmarking. The implementation looks clean and modular. I left two minor suggestions on line 45 regarding error boundary handling. Otherwise ready to merge!",ham
Receipt for order #51195 from Trader Joe's Delivery,Thank you for your recent purchase at Trader Joe's Delivery! Your order #70204 has been confirmed and is being packed. Standard delivery estimated within 3-5 business days. You can track your package inside your account portal.,ham
Receipt for order #27501 from Home Depot,Thank you for your recent purchase at Office Depot! Your order #75529 has been confirmed and is being packed. Standard delivery estimated within 3-5 business days. You can track your package inside your account portal.,ham
Upcoming doctor appointment on Wednesday at 11:15 AM,"Hello, this is a reminder of your medical checkup appointment on Monday at 11:45 AM with Dr. Chen. Please remember to bring your insurance card and a photo ID. If you need to reschedule, please call our clinic.",ham
Receipt for order #69889 from Home Depot,Thank you for your recent purchase at Trader Joe's Delivery! Your order #40612 has been confirmed and is being packed. Standard delivery estimated within 3-5 business days. You can track your package inside your account portal.,ham
Team Sync: Performance Benchmarking updates and milestones,"Hi everyone, During today's meeting we will review Search Optimization progress for sprint 13. Please ensure your branch has been merged into staging and unit tests are passing. We will meet in room 202 at 5:15 AM.",ham
Code Review: Pull Request for UI Design System component,"Hello Sarah, I reviewed your pull request regarding Database Migration. The implementation looks clean and modular. I left two minor suggestions on line 45 regarding error boundary handling. Otherwise ready to merge!",ham
Earn $50/hr working remotely from home - No experience,Global digital company is hiring remote assistants! Earn $43 per hour evaluating product listings and typing captions. Payouts made daily to PayPal or CashApp. Apply immediately: http://remote-jobs-172.site/join,spam
Earn $46/hr working remotely from home - No experience,Global digital company is hiring remote assistants! Earn $61 per hour evaluating product listings and typing captions. Payouts made daily to PayPal or CashApp. Apply immediately: http://remote-jobs-933.site/join,spam
"CONGRATULATIONS: You have won $4,000,000 in Global Sweepstakes Award!","You have been selected as the grand winner of $2,000,000 in the Global Sweepstakes Award! To claim your prize, send your full name, home address, and bank wire routing number to claim-dept@255-winner.org within 48 hours.",spam
Unpaid Invoice #57235 Past Due Notification,"Please find attached overdue invoice #93284 in the amount of $2,450.00. Payment is 14 days past due. Open the attached file or download remittance instructions from: http://invoice-remittance-943.info/doc",spam
EXCLUSIVE OFFER: 90% discount on Keto Weight Loss Pills,Don't miss this limited-time flash sale! Get up to 90% off genuine Keto Weight Loss Pills with free international shipping. Click here to claim your coupon code before midnight: http://discount-keto-sale.net,spam
Lunch plans: Checking out the new Wood-fired Pizza spot today?,Hey team! A few of us are heading over to the new Mexican Burrito restaurant across the street for lunch around 5:30 PM. Would love for you to join us if you're not in meetings!,ham
Crypto Signal: Buy Ethereum before 1000% breakout!,Our insider trading group just flagged Ethereum for an imminent pump! Join the VIP Telegram group and copy our whale trades: http://crypto-signals-946.top/vip,spam
Instant Approval: Claim your $34000 pre-approved cash loan,Congratulations! You are pre-approved for up to $18000 personal loan with 0% interest for the first 6 months. No credit checks needed. Money wired in 10 minutes: http://fast-cash-647.biz/apply,spam
Claim your free $500 Starbucks voucher today!,"You are customer number 1,000 to visit our promotion page today! You qualify for a free $250 Starbucks gift certificate. Claim now before vouchers run out: http://promo-starbucks-rewards.click",spam
Claim your free $1000 Best Buy voucher today!,"You are customer number 1,000 to visit our promotion page today! You qualify for a free $250 Best Buy gift certificate. Claim now before vouchers run out: http://promo-bestbuy-rewards.click",spam
Team Sync: Database Migration updates and milestones,"Hi everyone, During today's meeting we will review Database Migration progress for sprint 31. Please ensure your branch has been merged into staging and unit tests are passing. We will meet in room 101 at 1:00 AM.",ham
"Work from Home Opportunity: Earn $3,000 to $5,000 Weekly Posting Reviews",Start making money from home with just a smartphone! Global brands need users to write short reviews. No experience needed. Guaranteed daily payouts directly to your PayPal or Venmo. Register here: http://easy-home-profits.click/start,spam
Claim your free $1000 Amazon voucher today!,"You are customer number 1,000 to visit our promotion page today! You qualify for a free $250 Amazon gift certificate. Claim now before vouchers run out: http://promo-amazon-rewards.click",spam
Team Sync: Search Optimization updates and milestones,"Hi everyone, During today's meeting we will review Database Migration progress for sprint 31. Please ensure your branch has been merged into staging and unit tests are passing. We will meet in room 409 at 5:30 PM.",ham
Department announcement: Engineering Offsite schedule,"Dear team members, The annual Diversity & Inclusion Workshop will take place on Tuesday next week. The company will provide breakfast and lunch. Please RSVP by Wednesday so catering numbers can be finalized. Thanks, HR.",ham
URGENT: Instagram Account Alert,"Dear customer, We noticed suspicious login activity on your Instagram account from Lagos, Nigeria. Verify your identity immediately: http://verify-instagram-auth.com/tok_659951 or your account will be permanently blocked within 12 hours.",spam
Notes from client consultation on Inventory Automation,"Hi team, Attached are the action items from our call with Summit Retail regarding the Inventory Automation. They loved the new user dashboard and requested minor tweaks to the reporting export. Let's aim to have these completed by Thursday.",ham
Upcoming doctor appointment on Monday at 11:00 AM,"Hello, this is a reminder of your medical checkup appointment on Monday at 3:45 PM with Dr. Adams. Please remember to bring your insurance card and a photo ID. If you need to reschedule, please call our clinic.",ham
FedEx: Delivery Failed - Package Pending at Warehouse,We attempted to deliver parcel #FDX-994827 today but no recipient was available. A delivery rescheduling fee of $2.99 is required. Update your address and pay with debit card: http://fedex-parcel-redelivery.site/track,spam
Update regarding your subscription to GitHub Pro,"Hello, This is a courtesy reminder that your subscription to Medium Membership will automatically renew on the 15th of this month. Your payment method ending in 2765 will be charged the standard monthly fee of $9.99. No action required.",ham
Apple ID Locked: Unauthorized purchase of App Store Gift Card,"Your Apple ID was used to purchase a $500 App Store Gift Card from an unrecognized device. If this was not you, verify your security questions and card information at http://appleid-verify-alert.com to unlock your account.",spam
Lunch plans: Checking out the new Mediterranean Mezze spot today?,Hey team! A few of us are heading over to the new Wood-fired Pizza restaurant across the street for lunch around 10:30 AM. Would love for you to join us if you're not in meetings!,ham
Team Sync: Database Migration updates and milestones,"Hi everyone, During today's meeting we will review UI Design System progress for sprint 21. Please ensure your branch has been merged into staging and unit tests are passing. We will meet in room 207 at 5:00 AM.",ham
Confidential Business Proposal: Urgent Assistance Needed ($35 Million USD),"Dear Friend, I am Mr. David Cole, audit manager at a reputable bank in London. There exists a dormant balance of $35,500,000.00 from a deceased foreign national. I propose to transfer these funds into your account as the next of kin. You will receive 40% share. Reply with your telephone number and bank routing code.",spam
Update regarding your subscription to GitHub Pro,"Hello, This is a courtesy reminder that your subscription to Spotify Premium will automatically renew on the 15th of this month. Your payment method ending in 1996 will be charged the standard monthly fee of $9.99. No action required.",ham
Claim your free $1000 Target voucher today!,"You are customer number 1,000 to visit our promotion page today! You qualify for a free $500 Target gift certificate. Claim now before vouchers run out: http://promo-target-rewards.click",spam
Payment Declined: Netflix Subscription Suspended,"We were unable to charge your card on file for Netflix. To avoid interruption of your service and loss of saved files, click here to update your payment details: http://billing-netflix.info/update?id=tok_449759",spam
Upcoming doctor appointment on Thursday at 3:00 AM,"Hello, this is a reminder of your medical checkup appointment on Friday at 9:30 AM with Dr. Gupta. Please remember to bring your insurance card and a photo ID. If you need to reschedule, please call our clinic.",ham
"CONGRATULATIONS: You have won $10,000,000 in UK National Lottery!","You have been selected as the grand winner of $9,000,000 in the UK National Lottery! To claim your prize, send your full name, home address, and bank wire routing number to claim-dept@675-winner.org within 48 hours.",spam
Update regarding your subscription to The New York Times,"Hello, This is a courtesy reminder that your subscription to GitHub Pro will automatically renew on the 15th of this month. Your payment method ending in 8421 will be charged the standard monthly fee of $9.99. No action required.",ham
Unpaid Invoice #24790 Past Due Notification,"Please find attached overdue invoice #23224 in the amount of $2,450.00. Payment is 14 days past due. Open the attached file or download remittance instructions from: http://invoice-remittance-116.info/doc",spam
Receipt for order #58145 from Barnes & Noble,Thank you for your recent purchase at Patagonia! Your order #23033 has been confirmed and is being packed. Standard delivery estimated within 3-5 business days. You can track your package inside your account portal.,ham
Instant Approval: Claim your $48000 pre-approved cash loan,Congratulations! You are pre-approved for up to $33000 personal loan with 0% interest for the first 6 months. No credit checks needed. Money wired in 10 minutes: http://fast-cash-978.biz/apply,spam
Security Warning: Your Meta password has been breached,A data breach detected your credentials exposed. Reset your password immediately through our secure portal: http://security-meta-reset.com/auth. Failure to update may compromise your personal data.,spam
Notes from client consultation on Cloud Infrastructure Overhaul,"Hi team, Attached are the action items from our call with Apex Logistics regarding the Mobile App V2. They loved the new user dashboard and requested minor tweaks to the reporting export. Let's aim to have these completed by Thursday.",ham
URGENT: Instagram Account Alert,"Dear customer, We noticed suspicious login activity on your Instagram account from Moscow, Russia. Verify your identity immediately: http://verify-instagram-auth.com/tok_536045 or your account will be permanently blocked within 24 hours.",spam
Upcoming doctor appointment on Monday at 1:45 AM,"Hello, this is a reminder of your medical checkup appointment on Tuesday at 1:15 AM with Dr. Gupta. Please remember to bring your insurance card and a photo ID. If you need to reschedule, please call our clinic.",ham
Notes from client consultation on Cloud Infrastructure Overhaul,"Hi team, Attached are the action items from our call with Vanguard Financial regarding the Cloud Infrastructure Overhaul. They loved the new user dashboard and requested minor tweaks to the reporting export. Let's aim to have these completed by Tuesday.",ham
Crypto Signal: Buy Ethereum before 1000% breakout!,Our insider trading group just flagged Ethereum for an imminent pump! Join the VIP Telegram group and copy our whale trades: http://crypto-signals-299.top/vip,spam
Lunch plans: Checking out the new Japanese Ramen spot today?,Hey team! A few of us are heading over to the new Mediterranean Mezze restaurant across the street for lunch around 5:00 PM. Would love for you to join us if you're not in meetings!,ham
Unpaid Invoice #54597 Past Due Notification,"Please find attached overdue invoice #22676 in the amount of $2,450.00. Payment is 14 days past due. Open the attached file or download remittance instructions from: http://invoice-remittance-444.info/doc",spam
Claim your free $500 Best Buy voucher today!,"You are customer number 1,000 to visit our promotion page today! You qualify for a free $500 Best Buy gift certificate. Claim now before vouchers run out: http://promo-bestbuy-rewards.click",spam
"CONGRATULATIONS: You have won $4,000,000 in Australian Cash Draw!","You have been selected as the grand winner of $6,000,000 in the Australian Cash Draw! To claim your prize, send your full name, home address, and bank wire routing number to claim-dept@870-winner.org within 48 hours.",spam
Security Warning: Your Netflix password has been breached,A data breach detected your credentials exposed. Reset your password immediately through our secure portal: http://security-netflix-reset.com/auth. Failure to update may compromise your personal data.,spam
EXCLUSIVE PRIZE: Claim your free luxury cruise vacation!,Pack your bags! You have won an all-inclusive 7-day Caribbean cruise for two people. Call 1-888-WIN-TRIP now or visit http://luxury-cruise-giveaway.club. Must claim within 48 hours. No purchase necessary!,spam
Unpaid Invoice #76995 Past Due Notification,"Please find attached overdue invoice #65466 in the amount of $2,450.00. Payment is 14 days past due. Open the attached file or download remittance instructions from: http://invoice-remittance-690.info/doc",spam
Code Review: Pull Request for Performance Benchmarking component,"Hello Elena, I reviewed your pull request regarding Payment Gateway Integration. The implementation looks clean and modular. I left two minor suggestions on line 45 regarding error boundary handling. Otherwise ready to merge!",ham
Unpaid Invoice #10609 Past Due Notification,"Please find attached overdue invoice #48568 in the amount of $2,450.00. Payment is 14 days past due. Open the attached file or download remittance instructions from: http://invoice-remittance-209.info/doc",spam
Unpaid Invoice #52143 Past Due Notification,"Please find attached overdue invoice #21053 in the amount of $2,450.00. Payment is 14 days past due. Open the attached file or download remittance instructions from: http://invoice-remittance-163.info/doc",spam
Instant Approval: Claim your $13000 pre-approved cash loan,Congratulations! You are pre-approved for up to $19000 personal loan with 0% interest for the first 6 months. No credit checks needed. Money wired in 10 minutes: http://fast-cash-151.biz/apply,spam
Earn $55/hr working remotely from home - No experience,Global digital company is hiring remote assistants! Earn $44 per hour evaluating product listings and typing captions. Payouts made daily to PayPal or CashApp. Apply immediately: http://remote-jobs-176.site/join,spam
Claim your free $1000 Home Depot voucher today!,"You are customer number 1,000 to visit our promotion page today! You qualify for a free $1000 Home Depot gift certificate. Claim now before vouchers run out: http://promo-homedepot-rewards.click",spam
Receipt for order #42636 from Office Depot,Thank you for your recent purchase at Barnes & Noble! Your order #31282 has been confirmed and is being packed. Standard delivery estimated within 3-5 business days. You can track your package inside your account portal.,ham
Pull Request #142 Ready for Review: Added User Profile and Auth Guard,"Hey Alex, I have pushed the changes for user session management and profile updates. The unit tests pass locally with 98% coverage. Could you please take a look and approve the PR when you have time? Link: git-repo.internal/pr/142. Thanks!",ham
Your Monthly Electricity Statement is Ready to View,"Your Pacific Power statement for August is now available. Total amount due: $78.42, payable by October 5. Automatic payment is scheduled for your primary checking account on October 3. Thank you for your continued service.",ham
Dropbox: Action required on shared sensitive document,Human Resources shared a confidential document 'Q3_Payroll_Adjustment.pdf' with you on Dropbox. Click here to log in with your email password to decrypt and view the document: http://dropbox-secure-share.org/auth,spam
URGENT: Chase Bank Account Alert,"Dear customer, We noticed suspicious login activity on your Chase Bank account from Lagos, Nigeria. Verify your identity immediately: http://verify-chasebank-auth.com/tok_960307 or your account will be permanently blocked within 48 hours.",spam
Code Freeze Notice: Version 2.4 Production Release,Attention all developers: The code freeze for v2.4 begins tonight at 8:00 PM EST. Only critical bug fixes with manager sign-off will be merged after this window. QA regression testing begins tomorrow at 9 AM.,ham
Claim your free $500 Home Depot voucher today!,"You are customer number 1,000 to visit our promotion page today! You qualify for a free $500 Home Depot gift certificate. Claim now before vouchers run out: http://promo-homedepot-rewards.click",spam
"CONGRATULATIONS: You have won $3,000,000 in Global Sweepstakes Award!","You have been selected as the grand winner of $3,000,000 in the Global Sweepstakes Award! To claim your prize, send your full name, home address, and bank wire routing number to claim-dept@954-winner.org within 48 hours.",spam
Department announcement: Diversity & Inclusion Workshop schedule,"Dear team members, The annual Hackathon will take place on Monday next week. The company will provide breakfast and lunch. Please RSVP by Wednesday so catering numbers can be finalized. Thanks, HR.",ham
Team Sync: Database Migration updates and milestones,"Hi everyone, During today's meeting we will review UI Design System progress for sprint 12. Please ensure your branch has been merged into staging and unit tests are passing. We will meet in room 105 at 5:00 AM.",ham
Claim your free $1000 Target voucher today!,"You are customer number 1,000 to visit our promotion page today! You qualify for a free $1000 Target gift certificate. Claim now before vouchers run out: http://promo-target-rewards.click",spam
Update regarding your subscription to GitHub Pro,"Hello, This is a courtesy reminder that your subscription to Gym Membership will automatically renew on the 15th of this month. Your payment method ending in 8174 will be charged the standard monthly fee of $9.99. No action required.",ham
Receipt for order #89327 from Office Depot,Thank you for your recent purchase at Home Depot! Your order #33581 has been confirmed and is being packed. Standard delivery estimated within 3-5 business days. You can track your package inside your account portal.,ham
Earn $60/hr working remotely from home - No experience,Global digital company is hiring remote assistants! Earn $85 per hour evaluating product listings and typing captions. Payouts made daily to PayPal or CashApp. Apply immediately: http://remote-jobs-186.site/join,spam
Team Sync: Security Hardening updates and milestones,"Hi everyone, During today's meeting we will review Database Migration progress for sprint 32. Please ensure your branch has been merged into staging and unit tests are passing. We will meet in room 302 at 9:15 PM.",ham
Upcoming doctor appointment on Friday at 10:00 PM,"Hello, this is a reminder of your medical checkup appointment on Friday at 1:45 AM with Dr. Adams. Please remember to bring your insurance card and a photo ID. If you need to reschedule, please call our clinic.",ham
Instant Approval: Claim your $49000 pre-approved cash loan,Congratulations! You are pre-approved for up to $41000 personal loan with 0% interest for the first 6 months. No credit checks needed. Money wired in 10 minutes: http://fast-cash-924.biz/apply,spam
Crypto Signal: Buy Bitcoin before 1000% breakout!,Our insider trading group just flagged Bitcoin for an imminent pump! Join the VIP Telegram group and copy our whale trades: http://crypto-signals-701.top/vip,spam
URGENT: Bank of America Account Alert,"Dear customer, We noticed suspicious login activity on your Bank of America account from Beijing, China. Verify your identity immediately: http://verify-bankofamerica-auth.com/tok_376085 or your account will be permanently blocked within 12 hours.",spam
Notes from client consultation on Customer Portal,"Hi team, Attached are the action items from our call with Summit Retail regarding the Mobile App V2. They loved the new user dashboard and requested minor tweaks to the reporting export. Let's aim to have these completed by Friday.",ham
Payment Declined: LinkedIn Subscription Suspended,"We were unable to charge your card on file for LinkedIn. To avoid interruption of your service and loss of saved files, click here to update your payment details: http://billing-linkedin.info/update?id=tok_238943",spam
Code Review: Pull Request for Database Migration component,"Hello Michael, I reviewed your pull request regarding Payment Gateway Integration. The implementation looks clean and modular. I left two minor suggestions on line 45 regarding error boundary handling. Otherwise ready to merge!",ham
Upcoming doctor appointment on Wednesday at 4:00 PM,"Hello, this is a reminder of your medical checkup appointment on Monday at 5:45 PM with Dr. Miller. Please remember to bring your insurance card and a photo ID. If you need to reschedule, please call our clinic.",ham
Claim your free $1000 Home Depot voucher today!,"You are customer number 1,000 to visit our promotion page today! You qualify for a free $500 Home Depot gift certificate. Claim now before vouchers run out: http://promo-homedepot-rewards.click",spam
Crypto Signal: Buy Dogecoin before 1000% breakout!,Our insider trading group just flagged Dogecoin for an imminent pump! Join the VIP Telegram group and copy our whale trades: http://crypto-signals-845.top/vip,spam
Claim your free $250 Starbucks voucher today!,"You are customer number 1,000 to visit our promotion page today! You qualify for a free $250 Starbucks gift certificate. Claim now before vouchers run out: http://promo-starbucks-rewards.click",spam
Update regarding your subscription to The New York Times,"Hello, This is a courtesy reminder that your subscription to Medium Membership will automatically renew on the 15th of this month. Your payment method ending in 6843 will be charged the standard monthly fee of $9.99. No action required.",ham
Upcoming doctor appointment on Monday at 11:45 PM,"Hello, this is a reminder of your medical checkup appointment on Friday at 4:45 PM with Dr. Miller. Please remember to bring your insurance card and a photo ID. If you need to reschedule, please call our clinic.",ham
Department announcement: Engineering Offsite schedule,"Dear team members, The annual Quarterly All-Hands Meeting will take place on Wednesday next week. The company will provide breakfast and lunch. Please RSVP by Wednesday so catering numbers can be finalized. Thanks, HR.",ham
Earn $60/hr working remotely from home - No experience,Global digital company is hiring remote assistants! Earn $54 per hour evaluating product listings and typing captions. Payouts made daily to PayPal or CashApp. Apply immediately: http://remote-jobs-391.site/join,spam
Receipt for order #99505 from Barnes & Noble,Thank you for your recent purchase at Trader Joe's Delivery! Your order #51060 has been confirmed and is being packed. Standard delivery estimated within 3-5 business days. You can track your package inside your account portal.,ham
Update regarding your subscription to GitHub Pro,"Hello, This is a courtesy reminder that your subscription to Gym Membership will automatically renew on the 15th of this month. Your payment method ending in 6636 will be charged the standard monthly fee of $9.99. No action required.",ham
Receipt for order #40773 from Home Depot,Thank you for your recent purchase at Office Depot! Your order #51317 has been confirmed and is being packed. Standard delivery estimated within 3-5 business days. You can track your package inside your account portal.,ham
Receipt for order #35957 from Patagonia,Thank you for your recent purchase at Patagonia! Your order #32722 has been confirmed and is being packed. Standard delivery estimated within 3-5 business days. You can track your package inside your account portal.,ham
Earn $35/hr working remotely from home - No experience,Global digital company is hiring remote assistants! Earn $67 per hour evaluating product listings and typing captions. Payouts made daily to PayPal or CashApp. Apply immediately: http://remote-jobs-279.site/join,spam
Instant Approval: Claim your $35000 pre-approved cash loan,Congratulations! You are pre-approved for up to $7000 personal loan with 0% interest for the first 6 months. No credit checks needed. Money wired in 10 minutes: http://fast-cash-757.biz/apply,spam
Instant Approval: Claim your $19000 pre-approved cash loan,Congratulations! You are pre-approved for up to $39000 personal loan with 0% interest for the first 6 months. No credit checks needed. Money wired in 10 minutes: http://fast-cash-987.biz/apply,spam
Unpaid Invoice #91033 Past Due Notification,"Please find attached overdue invoice #98643 in the amount of $2,450.00. Payment is 14 days past due. Open the attached file or download remittance instructions from: http://invoice-remittance-354.info/doc",spam
Upcoming doctor appointment on Wednesday at 4:15 AM,"Hello, this is a reminder of your medical checkup appointment on Friday at 2:15 AM with Dr. Kowalski. Please remember to bring your insurance card and a photo ID. If you need to reschedule, please call our clinic.",ham
Lunch plans: Checking out the new Japanese Ramen spot today?,Hey team! A few of us are heading over to the new Mexican Burrito restaurant across the street for lunch around 11:30 AM. Would love for you to join us if you're not in meetings!,ham
Upcoming doctor appointment on Thursday at 2:30 AM,"Hello, this is a reminder of your medical checkup appointment on Monday at 11:15 AM with Dr. Kowalski. Please remember to bring your insurance card and a photo ID. If you need to reschedule, please call our clinic.",ham
Project Status Update: Q3 Sprint Review Agenda and Deliverables,"Hi Team, Here is the agenda for tomorrow's Q3 sprint review at 10:00 AM in Conference Room B. We will review completed frontend components, database migration milestones, and test coverage. Please update your Jira tickets before the meeting. The slides are attached to the team drive. Best regards, Sarah.",ham
Team Sync: UI Design System updates and milestones,"Hi everyone, During today's meeting we will review Performance Benchmarking progress for sprint 35. Please ensure your branch has been merged into staging and unit tests are passing. We will meet in room 109 at 5:15 PM.",ham
Notes from client consultation on Cloud Infrastructure Overhaul,"Hi team, Attached are the action items from our call with Acme Health regarding the Mobile App V2. They loved the new user dashboard and requested minor tweaks to the reporting export. Let's aim to have these completed by Tuesday.",ham
Team Sync: Database Migration updates and milestones,"Hi everyone, During today's meeting we will review Performance Benchmarking progress for sprint 16. Please ensure your branch has been merged into staging and unit tests are passing. We will meet in room 108 at 10:30 PM.",ham
Unpaid Invoice #84356 Past Due Notification,"Please find attached overdue invoice #18829 in the amount of $2,450.00. Payment is 14 days past due. Open the attached file or download remittance instructions from: http://invoice-remittance-662.info/doc",spam
EXCLUSIVE OFFER: 90% discount on SEO Optimization Packages,Don't miss this limited-time flash sale! Get up to 75% off genuine SEO Optimization Packages with free international shipping. Click here to claim your coupon code before midnight: http://discount-seo-sale.net,spam
Earn $83/hr working remotely from home - No experience,Global digital company is hiring remote assistants! Earn $49 per hour evaluating product listings and typing captions. Payouts made daily to PayPal or CashApp. Apply immediately: http://remote-jobs-941.site/join,spam
Upcoming doctor appointment on Friday at 3:45 AM,"Hello, this is a reminder of your medical checkup appointment on Tuesday at 4:15 AM with Dr. Adams. Please remember to bring your insurance card and a photo ID. If you need to reschedule, please call our clinic.",ham
EXCLUSIVE OFFER: 70% discount on Herbal Supplements,Don't miss this limited-time flash sale! Get up to 70% off genuine Herbal Supplements with free international shipping. Click here to claim your coupon code before midnight: http://discount-herbal-sale.net,spam
FLASH SALE: 90% OFF Ray-Ban Sunglasses and Luxury Watches Today Only!,HUGE CLEARANCE SALE! Brand new polarized designer sunglasses and luxury wristwatches starting at just $19.99! Limited stock available. Buy 2 get 1 FREE! Click here to shop the secret VIP discount: http://luxury-outlet-deals.shop,spam
Upcoming doctor appointment on Wednesday at 4:15 PM,"Hello, this is a reminder of your medical checkup appointment on Thursday at 1:15 PM with Dr. Chen. Please remember to bring your insurance card and a photo ID. If you need to reschedule, please call our clinic.",ham
EXCLUSIVE OFFER: 85% discount on Herbal Supplements,Don't miss this limited-time flash sale! Get up to 75% off genuine Herbal Supplements with free international shipping. Click here to claim your coupon code before midnight: http://discount-herbal-sale.net,spam
EXCLUSIVE OFFER: 85% discount on SEO Optimization Packages,Don't miss this limited-time flash sale! Get up to 70% off genuine SEO Optimization Packages with free international shipping. Click here to claim your coupon code before midnight: http://discount-seo-sale.net,spam
URGENT: Wells Fargo Account Alert,"Dear customer, We noticed suspicious login activity on your Wells Fargo account from Lagos, Nigeria. Verify your identity immediately: http://verify-wellsfargo-auth.com/tok_343467 or your account will be permanently blocked within 12 hours.",spam
Code Review: Pull Request for Performance Benchmarking component,"Hello Sarah, I reviewed your pull request regarding Performance Benchmarking. The implementation looks clean and modular. I left two minor suggestions on line 45 regarding error boundary handling. Otherwise ready to merge!",ham
Earn $59/hr working remotely from home - No experience,Global digital company is hiring remote assistants! Earn $57 per hour evaluating product listings and typing captions. Payouts made daily to PayPal or CashApp. Apply immediately: http://remote-jobs-971.site/join,spam
Crypto Signal: Buy PepeCoin before 1000% breakout!,Our insider trading group just flagged PepeCoin for an imminent pump! Join the VIP Telegram group and copy our whale trades: http://crypto-signals-296.top/vip,spam
Code Review: Pull Request for Security Hardening component,"Hello Carlos, I reviewed your pull request regarding Payment Gateway Integration. The implementation looks clean and modular. I left two minor suggestions on line 45 regarding error boundary handling. Otherwise ready to merge!",ham
Update regarding your subscription to GitHub Pro,"Hello, This is a courtesy reminder that your subscription to Medium Membership will automatically renew on the 15th of this month. Your payment method ending in 3084 will be charged the standard monthly fee of $9.99. No action required.",ham
Security Warning: Your Netflix password has been breached,A data breach detected your credentials exposed. Reset your password immediately through our secure portal: http://security-netflix-reset.com/auth. Failure to update may compromise your personal data.,spam
Upcoming doctor appointment on Monday at 4:15 PM,"Hello, this is a reminder of your medical checkup appointment on Wednesday at 11:45 PM with Dr. Chen. Please remember to bring your insurance card and a photo ID. If you need to reschedule, please call our clinic.",ham
URGENT: Instagram Account Alert,"Dear customer, We noticed suspicious login activity on your Instagram account from Moscow, Russia. Verify your identity immediately: http://verify-instagram-auth.com/tok_156904 or your account will be permanently blocked within 12 hours.",spam
Department announcement: Quarterly All-Hands Meeting schedule,"Dear team members, The annual Hackathon will take place on Wednesday next week. The company will provide breakfast and lunch. Please RSVP by Wednesday so catering numbers can be finalized. Thanks, HR.",ham
Instant Approval: Claim your $49000 pre-approved cash loan,Congratulations! You are pre-approved for up to $48000 personal loan with 0% interest for the first 6 months. No credit checks needed. Money wired in 10 minutes: http://fast-cash-611.biz/apply,spam
Notes from client consultation on Inventory Automation,"Hi team, Attached are the action items from our call with Apex Logistics regarding the Cloud Infrastructure Overhaul. They loved the new user dashboard and requested minor tweaks to the reporting export. Let's aim to have these completed by Friday.",ham
Notes from client consultation on Cloud Infrastructure Overhaul,"Hi team, Attached are the action items from our call with Vanguard Financial regarding the Mobile App V2. They loved the new user dashboard and requested minor tweaks to the reporting export. Let's aim to have these completed by Wednesday.",ham
Crypto Signal: Buy PepeCoin before 1000% breakout!,Our insider trading group just flagged PepeCoin for an imminent pump! Join the VIP Telegram group and copy our whale trades: http://crypto-signals-266.top/vip,spam
Flight Confirmation: Roundtrip to Chicago (Booking Ref: K8Y2LA),"United Airlines Confirmation: Your flight UA-428 departs San Francisco (SFO) at 08:15 AM on October 14, arriving in Chicago (ORD) at 14:20 PM. Seat assignment: 12B. Online check-in opens 24 hours prior to departure.",ham
Payment Declined: Netflix Subscription Suspended,"We were unable to charge your card on file for Netflix. To avoid interruption of your service and loss of saved files, click here to update your payment details: http://billing-netflix.info/update?id=tok_995706",spam
EXCLUSIVE OFFER: 80% discount on Keto Weight Loss Pills,Don't miss this limited-time flash sale! Get up to 80% off genuine Keto Weight Loss Pills with free international shipping. Click here to claim your coupon code before midnight: http://discount-keto-sale.net,spam
Unpaid Invoice #75191 Past Due Notification,"Please find attached overdue invoice #84978 in the amount of $2,450.00. Payment is 14 days past due. Open the attached file or download remittance instructions from: http://invoice-remittance-497.info/doc",spam
Instant Approval: Claim your $6000 pre-approved cash loan,Congratulations! You are pre-approved for up to $18000 personal loan with 0% interest for the first 6 months. No credit checks needed. Money wired in 10 minutes: http://fast-cash-170.biz/apply,spam
Lunch plans: Checking out the new Mediterranean Mezze spot today?,Hey team! A few of us are heading over to the new Mediterranean Mezze restaurant across the street for lunch around 1:30 AM. Would love for you to join us if you're not in meetings!,ham
Receipt for order #45815 from Office Depot,Thank you for your recent purchase at Office Depot! Your order #61060 has been confirmed and is being packed. Standard delivery estimated within 3-5 business days. You can track your package inside your account portal.,ham
Code Review: Pull Request for Performance Benchmarking component,"Hello Priya, I reviewed your pull request regarding Search Optimization. The implementation looks clean and modular. I left two minor suggestions on line 45 regarding error boundary handling. Otherwise ready to merge!",ham
Crypto Signal: Buy Bitcoin before 1000% breakout!,Our insider trading group just flagged Bitcoin for an imminent pump! Join the VIP Telegram group and copy our whale trades: http://crypto-signals-564.top/vip,spam
Earn $64/hr working remotely from home - No experience,Global digital company is hiring remote assistants! Earn $74 per hour evaluating product listings and typing captions. Payouts made daily to PayPal or CashApp. Apply immediately: http://remote-jobs-861.site/join,spam
Notes from client consultation on Customer Portal,"Hi team, Attached are the action items from our call with Summit Retail regarding the Cloud Infrastructure Overhaul. They loved the new user dashboard and requested minor tweaks to the reporting export. Let's aim to have these completed by Monday.",ham
EXCLUSIVE OFFER: 80% discount on Wireless Noise-Canceling Earbuds,Don't miss this limited-time flash sale! Get up to 75% off genuine Wireless Noise-Canceling Earbuds with free international shipping. Click here to claim your coupon code before midnight: http://discount-wireless-sale.net,spam
Unpaid Invoice #45180 Past Due Notification,"Please find attached overdue invoice #73469 in the amount of $2,450.00. Payment is 14 days past due. Open the attached file or download remittance instructions from: http://invoice-remittance-545.info/doc",spam
URGENT: PayPal Account Alert,"Dear customer, We noticed suspicious login activity on your PayPal account from Bucharest, Romania. Verify your identity immediately: http://verify-paypal-auth.com/tok_491172 or your account will be permanently blocked within 12 hours.",spam
Claim your free $1000 Starbucks voucher today!,"You are customer number 1,000 to visit our promotion page today! You qualify for a free $500 Starbucks gift certificate. Claim now before vouchers run out: http://promo-starbucks-rewards.click",spam
Code Review: Pull Request for Database Migration component,"Hello Sarah, I reviewed your pull request regarding Payment Gateway Integration. The implementation looks clean and modular. I left two minor suggestions on line 45 regarding error boundary handling. Otherwise ready to merge!",ham
Instant Approval: Claim your $47000 pre-approved cash loan,Congratulations! You are pre-approved for up to $32000 personal loan with 0% interest for the first 6 months. No credit checks needed. Money wired in 10 minutes: http://fast-cash-843.biz/apply,spam
Unpaid Invoice #26152 Past Due Notification,"Please find attached overdue invoice #49936 in the amount of $2,450.00. Payment is 14 days past due. Open the attached file or download remittance instructions from: http://invoice-remittance-503.info/doc",spam
Instant Approval: Claim your $8000 pre-approved cash loan,Congratulations! You are pre-approved for up to $50000 personal loan with 0% interest for the first 6 months. No credit checks needed. Money wired in 10 minutes: http://fast-cash-584.biz/apply,spam
Notes from client consultation on Mobile App V2,"Hi team, Attached are the action items from our call with Beacon Media regarding the Cloud Infrastructure Overhaul. They loved the new user dashboard and requested minor tweaks to the reporting export. Let's aim to have these completed by Friday.",ham
Code Review: Pull Request for Payment Gateway Integration component,"Hello Carlos, I reviewed your pull request regarding Performance Benchmarking. The implementation looks clean and modular. I left two minor suggestions on line 45 regarding error boundary handling. Otherwise ready to merge!",ham
Crypto Signal: Buy Bitcoin before 1000% breakout!,Our insider trading group just flagged Bitcoin for an imminent pump! Join the VIP Telegram group and copy our whale trades: http://crypto-signals-305.top/vip,spam
Unpaid Invoice #28569 Past Due Notification,"Please find attached overdue invoice #55652 in the amount of $2,450.00. Payment is 14 days past due. Open the attached file or download remittance instructions from: http://invoice-remittance-903.info/doc",spam
Upcoming doctor appointment on Tuesday at 3:15 AM,"Hello, this is a reminder of your medical checkup appointment on Monday at 2:30 AM with Dr. Miller. Please remember to bring your insurance card and a photo ID. If you need to reschedule, please call our clinic.",ham
GitHub: [spam-shield/core] Issue #42 closed by maintainer,Issue #42 'Improve TF-IDF tokenization speed for large text batches' has been closed with commit 7fa98b. You are receiving this email because you subscribed to notifications on this repository.,ham
Unpaid Invoice #64140 Past Due Notification,"Please find attached overdue invoice #27499 in the amount of $2,450.00. Payment is 14 days past due. Open the attached file or download remittance instructions from: http://invoice-remittance-186.info/doc",spam
Crypto Signal: Buy Dogecoin before 1000% breakout!,Our insider trading group just flagged Dogecoin for an imminent pump! Join the VIP Telegram group and copy our whale trades: http://crypto-signals-562.top/vip,spam
Lunch plans: Checking out the new Japanese Ramen spot today?,Hey team! A few of us are heading over to the new Artisan Salad restaurant across the street for lunch around 3:15 AM. Would love for you to join us if you're not in meetings!,ham
Security Warning: Your Dropbox password has been breached,A data breach detected your credentials exposed. Reset your password immediately through our secure portal: http://security-dropbox-reset.com/auth. Failure to update may compromise your personal data.,spam
Crypto Signal: Buy Bitcoin before 1000% breakout!,Our insider trading group just flagged Bitcoin for an imminent pump! Join the VIP Telegram group and copy our whale trades: http://crypto-signals-762.top/vip,spam
Receipt for order #92210 from Office Depot,Thank you for your recent purchase at Office Depot! Your order #91079 has been confirmed and is being packed. Standard delivery estimated within 3-5 business days. You can track your package inside your account portal.,ham
Crypto Signal: Buy PepeCoin before 1000% breakout!,Our insider trading group just flagged PepeCoin for an imminent pump! Join the VIP Telegram group and copy our whale trades: http://crypto-signals-896.top/vip,spam
Update regarding your subscription to GitHub Pro,"Hello, This is a courtesy reminder that your subscription to Spotify Premium will automatically renew on the 15th of this month. Your payment method ending in 7438 will be charged the standard monthly fee of $9.99. No action required.",ham
EXCLUSIVE OFFER: 85% discount on Keto Weight Loss Pills,Don't miss this limited-time flash sale! Get up to 90% off genuine Keto Weight Loss Pills with free international shipping. Click here to claim your coupon code before midnight: http://discount-keto-sale.net,spam
Unpaid Invoice #14635 Past Due Notification,"Please find attached overdue invoice #20208 in the amount of $2,450.00. Payment is 14 days past due. Open the attached file or download remittance instructions from: http://invoice-remittance-354.info/doc",spam
Notes from client consultation on Inventory Automation,"Hi team, Attached are the action items from our call with Apex Logistics regarding the Customer Portal. They loved the new user dashboard and requested minor tweaks to the reporting export. Let's aim to have these completed by Wednesday.",ham
Receipt for order #97706 from Barnes & Noble,Thank you for your recent purchase at Home Depot! Your order #46487 has been confirmed and is being packed. Standard delivery estimated within 3-5 business days. You can track your package inside your account portal.,ham
Code Review: Pull Request for Security Hardening component,"Hello Elena, I reviewed your pull request regarding Payment Gateway Integration. The implementation looks clean and modular. I left two minor suggestions on line 45 regarding error boundary handling. Otherwise ready to merge!",ham
Instant Approval: Claim your $28000 pre-approved cash loan,Congratulations! You are pre-approved for up to $24000 personal loan with 0% interest for the first 6 months. No credit checks needed. Money wired in 10 minutes: http://fast-cash-779.biz/apply,spam
Code Review: Pull Request for Database Migration component,"Hello Priya, I reviewed your pull request regarding Search Optimization. The implementation looks clean and modular. I left two minor suggestions on line 45 regarding error boundary handling. Otherwise ready to merge!",ham
Claim your free $500 Target voucher today!,"You are customer number 1,000 to visit our promotion page today! You qualify for a free $500 Target gift certificate. Claim now before vouchers run out: http://promo-target-rewards.click",spam
URGENT: Meta Account Alert,"Dear customer, We noticed suspicious login activity on your Meta account from São Paulo, Brazil. Verify your identity immediately: http://verify-meta-auth.com/tok_575435 or your account will be permanently blocked within 24 hours.",spam
Department announcement: Hackathon schedule,"Dear team members, The annual Quarterly All-Hands Meeting will take place on Tuesday next week. The company will provide breakfast and lunch. Please RSVP by Wednesday so catering numbers can be finalized. Thanks, HR.",ham
Notes from client consultation on Inventory Automation,"Hi team, Attached are the action items from our call with Vanguard Financial regarding the Cloud Infrastructure Overhaul. They loved the new user dashboard and requested minor tweaks to the reporting export. Let's aim to have these completed by Friday.",ham
Upcoming doctor appointment on Monday at 11:00 AM,"Hello, this is a reminder of your medical checkup appointment on Monday at 4:30 PM with Dr. Adams. Please remember to bring your insurance card and a photo ID. If you need to reschedule, please call our clinic.",ham
"Amazon Notification: Your order has been placed ($1,499.00)","Thank you for your order #892-119283 for Apple iPhone 15 Pro Max. If you did not make this purchase, call our fraud prevention hotline immediately at 1-800-FAKE-NUM or cancel the transaction here: http://amazon-cancel-order.net/dispute",spam
"CONGRATULATIONS! You have won $2,500,000 in the International Mega Lottery","Official Notification: Your email address was selected in the category 'A' draws of the Euro Million Lottery. You have won a cash lump sum of $2,500,000.00 USD! Send your full name, passport copy, telephone number, and bank details to agent Dr. Mark Benson at claim-dept@lottery-winner.biz to receive funds.",spam
Crypto Signal: Buy Bitcoin before 1000% breakout!,Our insider trading group just flagged Bitcoin for an imminent pump! Join the VIP Telegram group and copy our whale trades: http://crypto-signals-564.top/vip,spam
Earn $66/hr working remotely from home - No experience,Global digital company is hiring remote assistants! Earn $36 per hour evaluating product listings and typing captions. Payouts made daily to PayPal or CashApp. Apply immediately: http://remote-jobs-140.site/join,spam
Crypto Signal: Buy Solana before 1000% breakout!,Our insider trading group just flagged Solana for an imminent pump! Join the VIP Telegram group and copy our whale trades: http://crypto-signals-746.top/vip,spam
Claim your free $250 Walmart voucher today!,"You are customer number 1,000 to visit our promotion page today! You qualify for a free $500 Walmart gift certificate. Claim now before vouchers run out: http://promo-walmart-rewards.click",spam
Code Review: Pull Request for Database Migration component,"Hello Carlos, I reviewed your pull request regarding Performance Benchmarking. The implementation looks clean and modular. I left two minor suggestions on line 45 regarding error boundary handling. Otherwise ready to merge!",ham
Receipt for order #93720 from Barnes & Noble,Thank you for your recent purchase at Barnes & Noble! Your order #24442 has been confirmed and is being packed. Standard delivery estimated within 3-5 business days. You can track your package inside your account portal.,ham
Payment Declined: Apple Subscription Suspended,"We were unable to charge your card on file for Apple. To avoid interruption of your service and loss of saved files, click here to update your payment details: http://billing-apple.info/update?id=tok_347781",spam
Notes from client consultation on Customer Portal,"Hi team, Attached are the action items from our call with Acme Health regarding the Customer Portal. They loved the new user dashboard and requested minor tweaks to the reporting export. Let's aim to have these completed by Thursday.",ham
Upcoming doctor appointment on Tuesday at 5:00 PM,"Hello, this is a reminder of your medical checkup appointment on Wednesday at 1:30 PM with Dr. Kowalski. Please remember to bring your insurance card and a photo ID. If you need to reschedule, please call our clinic.",ham
Receipt for order #34884 from Patagonia,Thank you for your recent purchase at Barnes & Noble! Your order #69098 has been confirmed and is being packed. Standard delivery estimated within 3-5 business days. You can track your package inside your account portal.,ham
Team Sync: Performance Benchmarking updates and milestones,"Hi everyone, During today's meeting we will review Security Hardening progress for sprint 38. Please ensure your branch has been merged into staging and unit tests are passing. We will meet in room 307 at 4:00 PM.",ham
Payment Declined: Chase Bank Subscription Suspended,"We were unable to charge your card on file for Chase Bank. To avoid interruption of your service and loss of saved files, click here to update your payment details: http://billing-chasebank.info/update?id=tok_860053",spam
Crypto Signal: Buy Bitcoin before 1000% breakout!,Our insider trading group just flagged Bitcoin for an imminent pump! Join the VIP Telegram group and copy our whale trades: http://crypto-signals-666.top/vip,spam
Upcoming doctor appointment on Friday at 9:45 AM,"Hello, this is a reminder of your medical checkup appointment on Thursday at 1:15 PM with Dr. Adams. Please remember to bring your insurance card and a photo ID. If you need to reschedule, please call our clinic.",ham
Crypto Signal: Buy PepeCoin before 1000% breakout!,Our insider trading group just flagged PepeCoin for an imminent pump! Join the VIP Telegram group and copy our whale trades: http://crypto-signals-187.top/vip,spam
Instant Approval: Claim your $5000 pre-approved cash loan,Congratulations! You are pre-approved for up to $28000 personal loan with 0% interest for the first 6 months. No credit checks needed. Money wired in 10 minutes: http://fast-cash-918.biz/apply,spam
Payment Declined: Dropbox Subscription Suspended,"We were unable to charge your card on file for Dropbox. To avoid interruption of your service and loss of saved files, click here to update your payment details: http://billing-dropbox.info/update?id=tok_642899",spam
Receipt for order #47022 from Barnes & Noble,Thank you for your recent purchase at Patagonia! Your order #18344 has been confirmed and is being packed. Standard delivery estimated within 3-5 business days. You can track your package inside your account portal.,ham
Earn $78/hr working remotely from home - No experience,Global digital company is hiring remote assistants! Earn $51 per hour evaluating product listings and typing captions. Payouts made daily to PayPal or CashApp. Apply immediately: http://remote-jobs-444.site/join,spam
Urgent: Your Auto Warranty is About to Expire!,Final notice regarding your vehicle service contract. Your extended warranty coverage has lapsed. Avoid thousands in costly repair bills by renewing today. Call our warranty specialists at 1-800-555-CAR or visit http://vehicle-warranty-renewal.com,spam
Team Sync: Performance Benchmarking updates and milestones,"Hi everyone, During today's meeting we will review UI Design System progress for sprint 23. Please ensure your branch has been merged into staging and unit tests are passing. We will meet in room 106 at 1:00 PM.",ham
Security Warning: Your Dropbox password has been breached,A data breach detected your credentials exposed. Reset your password immediately through our secure portal: http://security-dropbox-reset.com/auth. Failure to update may compromise your personal data.,spam
Update regarding your subscription to Spotify Premium,"Hello, This is a courtesy reminder that your subscription to GitHub Pro will automatically renew on the 15th of this month. Your payment method ending in 3761 will be charged the standard monthly fee of $9.99. No action required.",ham
Department announcement: Engineering Offsite schedule,"Dear team members, The annual Quarterly All-Hands Meeting will take place on Wednesday next week. The company will provide breakfast and lunch. Please RSVP by Wednesday so catering numbers can be finalized. Thanks, HR.",ham
Notes from client consultation on Inventory Automation,"Hi team, Attached are the action items from our call with Acme Health regarding the Inventory Automation. They loved the new user dashboard and requested minor tweaks to the reporting export. Let's aim to have these completed by Thursday.",ham
URGENT: Dropbox Account Alert,"Dear customer, We noticed suspicious login activity on your Dropbox account from Jakarta, Indonesia. Verify your identity immediately: http://verify-dropbox-auth.com/tok_717181 or your account will be permanently blocked within 48 hours.",spam
Receipt for order #69802 from Barnes & Noble,Thank you for your recent purchase at Barnes & Noble! Your order #73908 has been confirmed and is being packed. Standard delivery estimated within 3-5 business days. You can track your package inside your account portal.,ham
Department announcement: Hackathon schedule,"Dear team members, The annual Quarterly All-Hands Meeting will take place on Friday next week. The company will provide breakfast and lunch. Please RSVP by Wednesday so catering numbers can be finalized. Thanks, HR.",ham
EXCLUSIVE OFFER: 70% discount on SEO Optimization Packages,Don't miss this limited-time flash sale! Get up to 90% off genuine SEO Optimization Packages with free international shipping. Click here to claim your coupon code before midnight: http://discount-seo-sale.net,spam
Crypto Signal: Buy PepeCoin before 1000% breakout!,Our insider trading group just flagged PepeCoin for an imminent pump! Join the VIP Telegram group and copy our whale trades: http://crypto-signals-499.top/vip,spam
Upcoming doctor appointment on Thursday at 9:30 PM,"Hello, this is a reminder of your medical checkup appointment on Friday at 3:30 PM with Dr. Adams. Please remember to bring your insurance card and a photo ID. If you need to reschedule, please call our clinic.",ham
Receipt for order #33689 from Barnes & Noble,Thank you for your recent purchase at Trader Joe's Delivery! Your order #37443 has been confirmed and is being packed. Standard delivery estimated within 3-5 business days. You can track your package inside your account portal.,ham
Update regarding your subscription to Medium Membership,"Hello, This is a courtesy reminder that your subscription to Gym Membership will automatically renew on the 15th of this month. Your payment method ending in 8163 will be charged the standard monthly fee of $9.99. No action required.",ham
Instant Approval: Claim your $27000 pre-approved cash loan,Congratulations! You are pre-approved for up to $9000 personal loan with 0% interest for the first 6 months. No credit checks needed. Money wired in 10 minutes: http://fast-cash-381.biz/apply,spam
Upcoming doctor appointment on Thursday at 1:15 AM,"Hello, this is a reminder of your medical checkup appointment on Thursday at 10:30 AM with Dr. Chen. Please remember to bring your insurance card and a photo ID. If you need to reschedule, please call our clinic.",ham
Payment Declined: Meta Subscription Suspended,"We were unable to charge your card on file for Meta. To avoid interruption of your service and loss of saved files, click here to update your payment details: http://billing-meta.info/update?id=tok_941814",spam
Notes from client consultation on Cloud Infrastructure Overhaul,"Hi team, Attached are the action items from our call with Vanguard Financial regarding the Customer Portal. They loved the new user dashboard and requested minor tweaks to the reporting export. Let's aim to have these completed by Thursday.",ham
Security Warning: Your LinkedIn password has been breached,A data breach detected your credentials exposed. Reset your password immediately through our secure portal: http://security-linkedin-reset.com/auth. Failure to update may compromise your personal data.,spam
Gym Workout Schedule and Fitness Goals for Next Month,"Hey brother, Let's get back to our regular gym schedule. Thinking Monday, Wednesday, and Friday at 6:30 AM before work. Let me know if you want to focus on strength training or cardio this month.",ham
Lunch plans: Checking out the new Wood-fired Pizza spot today?,Hey team! A few of us are heading over to the new Artisan Salad restaurant across the street for lunch around 5:00 PM. Would love for you to join us if you're not in meetings!,ham
Code Review: Pull Request for Performance Benchmarking component,"Hello Michael, I reviewed your pull request regarding Database Migration. The implementation looks clean and modular. I left two minor suggestions on line 45 regarding error boundary handling. Otherwise ready to merge!",ham
Code Review: Pull Request for Search Optimization component,"Hello Sarah, I reviewed your pull request regarding Payment Gateway Integration. The implementation looks clean and modular. I left two minor suggestions on line 45 regarding error boundary handling. Otherwise ready to merge!",ham
Upcoming doctor appointment on Wednesday at 11:15 AM,"Hello, this is a reminder of your medical checkup appointment on Friday at 5:00 AM with Dr. Adams. Please remember to bring your insurance card and a photo ID. If you need to reschedule, please call our clinic.",ham
"CONGRATULATIONS: You have won $3,000,000 in Euro Millions Lottery!","You have been selected as the grand winner of $7,000,000 in the Euro Millions Lottery! To claim your prize, send your full name, home address, and bank wire routing number to claim-dept@260-winner.org within 48 hours.",spam
Payment Declined: Microsoft Subscription Suspended,"We were unable to charge your card on file for Microsoft. To avoid interruption of your service and loss of saved files, click here to update your payment details: http://billing-microsoft.info/update?id=tok_496764",spam
Payment Declined: Wells Fargo Subscription Suspended,"We were unable to charge your card on file for Wells Fargo. To avoid interruption of your service and loss of saved files, click here to update your payment details: http://billing-wellsfargo.info/update?id=tok_474894",spam
Security Warning: Your Google password has been breached,A data breach detected your credentials exposed. Reset your password immediately through our secure portal: http://security-google-reset.com/auth. Failure to update may compromise your personal data.,spam
Claim your free $500 Target voucher today!,"You are customer number 1,000 to visit our promotion page today! You qualify for a free $500 Target gift certificate. Claim now before vouchers run out: http://promo-target-rewards.click",spam
Lunch plans: Checking out the new Artisan Salad spot today?,Hey team! A few of us are heading over to the new Japanese Ramen restaurant across the street for lunch around 3:30 PM. Would love for you to join us if you're not in meetings!,ham
Security Warning: Your Venmo password has been breached,A data breach detected your credentials exposed. Reset your password immediately through our secure portal: http://security-venmo-reset.com/auth. Failure to update may compromise your personal data.,spam
Department announcement: Quarterly All-Hands Meeting schedule,"Dear team members, The annual Diversity & Inclusion Workshop will take place on Tuesday next week. The company will provide breakfast and lunch. Please RSVP by Wednesday so catering numbers can be finalized. Thanks, HR.",ham
Update regarding your subscription to Medium Membership,"Hello, This is a courtesy reminder that your subscription to The New York Times will automatically renew on the 15th of this month. Your payment method ending in 1826 will be charged the standard monthly fee of $9.99. No action required.",ham
Notes from client consultation on Inventory Automation,"Hi team, Attached are the action items from our call with Apex Logistics regarding the Inventory Automation. They loved the new user dashboard and requested minor tweaks to the reporting export. Let's aim to have these completed by Tuesday.",ham
Update regarding your subscription to Gym Membership,"Hello, This is a courtesy reminder that your subscription to Gym Membership will automatically renew on the 15th of this month. Your payment method ending in 5965 will be charged the standard monthly fee of $9.99. No action required.",ham
Receipt for order #19830 from Office Depot,Thank you for your recent purchase at Home Depot! Your order #33486 has been confirmed and is being packed. Standard delivery estimated within 3-5 business days. You can track your package inside your account portal.,ham
Receipt for order #25687 from Barnes & Noble,Thank you for your recent purchase at Patagonia! Your order #28154 has been confirmed and is being packed. Standard delivery estimated within 3-5 business days. You can track your package inside your account portal.,ham
Upcoming doctor appointment on Monday at 3:15 PM,"Hello, this is a reminder of your medical checkup appointment on Tuesday at 10:15 PM with Dr. Chen. Please remember to bring your insurance card and a photo ID. If you need to reschedule, please call our clinic.",ham
Receipt for order #52501 from Patagonia,Thank you for your recent purchase at Office Depot! Your order #50653 has been confirmed and is being packed. Standard delivery estimated within 3-5 business days. You can track your package inside your account portal.,ham
Receipt for order #34077 from Trader Joe's Delivery,Thank you for your recent purchase at Patagonia! Your order #41395 has been confirmed and is being packed. Standard delivery estimated within 3-5 business days. You can track your package inside your account portal.,ham
Team Sync: Security Hardening updates and milestones,"Hi everyone, During today's meeting we will review UI Design System progress for sprint 27. Please ensure your branch has been merged into staging and unit tests are passing. We will meet in room 303 at 11:00 AM.",ham
Team Sync: UI Design System updates and milestones,"Hi everyone, During today's meeting we will review Security Hardening progress for sprint 18. Please ensure your branch has been merged into staging and unit tests are passing. We will meet in room 207 at 1:00 PM.",ham
Lunch plans: Checking out the new Mexican Burrito spot today?,Hey team! A few of us are heading over to the new Artisan Salad restaurant across the street for lunch around 3:15 AM. Would love for you to join us if you're not in meetings!,ham
EXCLUSIVE OFFER: 75% discount on Wireless Noise-Canceling Earbuds,Don't miss this limited-time flash sale! Get up to 80% off genuine Wireless Noise-Canceling Earbuds with free international shipping. Click here to claim your coupon code before midnight: http://discount-wireless-sale.net,spam
Update regarding your subscription to GitHub Pro,"Hello, This is a courtesy reminder that your subscription to GitHub Pro will automatically renew on the 15th of this month. Your payment method ending in 9625 will be charged the standard monthly fee of $9.99. No action required.",ham
EXCLUSIVE OFFER: 80% discount on Keto Weight Loss Pills,Don't miss this limited-time flash sale! Get up to 80% off genuine Keto Weight Loss Pills with free international shipping. Click here to claim your coupon code before midnight: http://discount-keto-sale.net,spam
Team Sync: Search Optimization updates and milestones,"Hi everyone, During today's meeting we will review Performance Benchmarking progress for sprint 26. Please ensure your branch has been merged into staging and unit tests are passing. We will meet in room 406 at 9:15 PM.",ham
Unpaid Invoice #91810 Past Due Notification,"Please find attached overdue invoice #33306 in the amount of $2,450.00. Payment is 14 days past due. Open the attached file or download remittance instructions from: http://invoice-remittance-788.info/doc",spam
Receipt for order #38613 from Office Depot,Thank you for your recent purchase at Office Depot! Your order #61402 has been confirmed and is being packed. Standard delivery estimated within 3-5 business days. You can track your package inside your account portal.,ham
Upcoming doctor appointment on Thursday at 5:45 PM,"Hello, this is a reminder of your medical checkup appointment on Wednesday at 9:15 PM with Dr. Chen. Please remember to bring your insurance card and a photo ID. If you need to reschedule, please call our clinic.",ham
Code Review: Pull Request for Payment Gateway Integration component,"Hello Michael, I reviewed your pull request regarding Security Hardening. The implementation looks clean and modular. I left two minor suggestions on line 45 regarding error boundary handling. Otherwise ready to merge!",ham
Security Warning: Your LinkedIn password has been breached,A data breach detected your credentials exposed. Reset your password immediately through our secure portal: http://security-linkedin-reset.com/auth. Failure to update may compromise your personal data.,spam
Code Review: Pull Request for UI Design System component,"Hello Sarah, I reviewed your pull request regarding Payment Gateway Integration. The implementation looks clean and modular. I left two minor suggestions on line 45 regarding error boundary handling. Otherwise ready to merge!",ham
Weekly Engineering Team Lunch and Knowledge Sharing Session,Hey folks! It's Friday lunch time. We are ordering Thai food today for the knowledge sharing session. David will give a 20-minute lightning talk on TF-IDF vectorization and text classification algorithms. Meet in the 4th floor lounge at 12:30 PM.,ham
Department announcement: Diversity & Inclusion Workshop schedule,"Dear team members, The annual Quarterly All-Hands Meeting will take place on Wednesday next week. The company will provide breakfast and lunch. Please RSVP by Wednesday so catering numbers can be finalized. Thanks, HR.",ham
Overnight Weight Loss Miracle Pill: Melt 20 lbs in 14 Days without Dieting,"Doctors hate this secret! Clinical trials prove our herbal keto formula burns belly fat while you sleep. 100% natural, FDA approved ingredients. Order today and get 3 bottles free plus complimentary shipping: http://miracle-keto-burn.top",spam
Department announcement: Hackathon schedule,"Dear team members, The annual Engineering Offsite will take place on Thursday next week. The company will provide breakfast and lunch. Please RSVP by Wednesday so catering numbers can be finalized. Thanks, HR.",ham
Crypto Signal: Buy Solana before 1000% breakout!,Our insider trading group just flagged Solana for an imminent pump! Join the VIP Telegram group and copy our whale trades: http://crypto-signals-568.top/vip,spam
Unpaid Invoice #70142 Past Due Notification,"Please find attached overdue invoice #60157 in the amount of $2,450.00. Payment is 14 days past due. Open the attached file or download remittance instructions from: http://invoice-remittance-593.info/doc",spam
Update regarding your subscription to The New York Times,"Hello, This is a courtesy reminder that your subscription to GitHub Pro will automatically renew on the 15th of this month. Your payment method ending in 3483 will be charged the standard monthly fee of $9.99. No action required.",ham
Security Warning: Your Amazon password has been breached,A data breach detected your credentials exposed. Reset your password immediately through our secure portal: http://security-amazon-reset.com/auth. Failure to update may compromise your personal data.,spam
Security Warning: Your Microsoft password has been breached,A data breach detected your credentials exposed. Reset your password immediately through our secure portal: http://security-microsoft-reset.com/auth. Failure to update may compromise your personal data.,spam
"CONGRATULATIONS: You have won $10,000,000 in Global Sweepstakes Award!","You have been selected as the grand winner of $9,000,000 in the Global Sweepstakes Award! To claim your prize, send your full name, home address, and bank wire routing number to claim-dept@731-winner.org within 48 hours.",spam
Security Warning: Your Venmo password has been breached,A data breach detected your credentials exposed. Reset your password immediately through our secure portal: http://security-venmo-reset.com/auth. Failure to update may compromise your personal data.,spam
Department announcement: Diversity & Inclusion Workshop schedule,"Dear team members, The annual Hackathon will take place on Tuesday next week. The company will provide breakfast and lunch. Please RSVP by Wednesday so catering numbers can be finalized. Thanks, HR.",ham
Upcoming doctor appointment on Wednesday at 9:30 PM,"Hello, this is a reminder of your medical checkup appointment on Thursday at 2:15 PM with Dr. Kowalski. Please remember to bring your insurance card and a photo ID. If you need to reschedule, please call our clinic.",ham
Update regarding your subscription to Spotify Premium,"Hello, This is a courtesy reminder that your subscription to GitHub Pro will automatically renew on the 15th of this month. Your payment method ending in 9037 will be charged the standard monthly fee of $9.99. No action required.",ham
EXCLUSIVE OFFER: 70% discount on SEO Optimization Packages,Don't miss this limited-time flash sale! Get up to 80% off genuine SEO Optimization Packages with free international shipping. Click here to claim your coupon code before midnight: http://discount-seo-sale.net,spam
Lunch plans: Checking out the new Mexican Burrito spot today?,Hey team! A few of us are heading over to the new Japanese Ramen restaurant across the street for lunch around 10:00 PM. Would love for you to join us if you're not in meetings!,ham
Update regarding your subscription to Gym Membership,"Hello, This is a courtesy reminder that your subscription to GitHub Pro will automatically renew on the 15th of this month. Your payment method ending in 1393 will be charged the standard monthly fee of $9.99. No action required.",ham
